No,カテゴリ,ペルソナ/ターゲット,ユースケース,プロンプトテンプレート,プロンプトサンプル①,プロンプトサンプル②,プロンプトサンプル③,プロンプトサンプル④,プロンプトサンプル⑤,備考,@dropdown,,@dropdown,,@dropdown,,
1,マーケティング資料作成,P: MKTマネージャーT: 中小EC企業,インフォグラフィック生成,# 指示書: プロ級インフォグラフィック生成【役割】世界的なデータビジュアライゼーション専門家【目的】[テーマ]に関する視覚的説得力の高い資料作成【デザイン仕様】・データ主題: [テーマ]・トーン&マナー: [色調]をベースとした配色・タイポグラフィ: [フォント指定] (幾何学的で可読性重視)・視覚要素: キー指標を矢印/アイコンで強調し、情報の階層構造を明確化【出力設定】・解像度: [解像度]・スタイル: ベクターフラットデザイン、余白の活用、ミニマリズム・テキスト: [フォント]で崩れなく配置,# 指示書: 売上成長の可視化【役割】データ専門デザイナー【目的】売上データの劇的な成長を直感的に伝達【デザイン仕様】・主題: 売上推移データ・配色: 青基調（信頼・誠実）・フォント: 源ノ角ゴシック・視覚要素: 月次成長率を右肩上がりの3D矢印で強調【出力】・解像度: 4K・スタイル: クリーンなベクターアート,# 指示書: Q4キャンペーン分析【役割】マーケティングストラテジスト【目的】Q4キャンペーンのROI効率を可視化【デザイン仕様】・主題: キャンペーンデータ・配色: 緑基調（成長・利益）・フォント: メイリオ・視覚要素: ROI指標を中心に据えた円グラフ構成【出力】・解像度: 300dpi・スタイル: モダンコーポレート,# 指示書: 顧客セグメント分布【役割】CRM分析官【目的】顧客属性の偏りを明確化【デザイン仕様】・主題: 顧客セグメントデータ・配色: 赤基調（情熱・注目）・フォント: ヒラギノ角ゴ・視覚要素: 属性分布を示す積上げ棒グラフ【出力】・解像度: 4K・スタイル: インパクト重視,# 指示書: 市場シェア比較【役割】市場調査アナリスト【目的】競合とのシェア差を強調【デザイン仕様】・主題: 市場シェアデータ・配色: 紫基調（高貴・品質）・フォント: 游ゴシック・視覚要素: 競合比較を示す多層線グラフ【出力】・解像度: 300dpi・スタイル: アナリティカル,# 指示書: 広告効果測定【役割】広告運用スペシャリスト【目的】CTR向上をアピール【デザイン仕様】・主題: 広告効果データ・配色: 橙基調（活発・行動）・フォント: 筑紫A丸ゴ・視覚要素: CTRを指差しアイコンで強調【出力】・解像度: 4K・スタイル: ポップ＆キャッチー,検索連携で事実準拠。A/Bテストで売上5%向上事例。,,データ専門デザイナー,,マーケティングストラテジスト,,,この論文をもとに、教授がホワイトボードに描いたような画像を生成して。言語は日本語。図、矢印、ボックス、そして主要なアイデアを視覚的に説明するキャプションを使用してください。色も使用してください
2,マーケティング資料作成,P: 広告担当者T: 広告代理店,バナー広告デザイン,# 指示書: 高CTRバナー広告生成【役割】受賞歴のあるアートディレクター【目的】[商品]の魅力を最大化しクリックを誘発【クリエイティブ詳細】・対象商品: [商品]・デザインスタイル: [スタイル]、視線誘導を意識・サイズ: [サイズ]・コピー: 「[テキスト]」を[位置]に配置、色は[色]・演出: [照明]によるドラマチックな演出、背景は[背景]【技術パラメータ】・解像度: [指定]・品質: フォトリアリスティック、広告写真品質,# 指示書: 新スマホ広告バナー【役割】テック製品専門デザイナー【目的】新スマホの革新性を訴求【クリエイティブ詳細】・商品: 最新スマートフォン・スタイル: モダン、未来的・サイズ: 1200x600px・コピー: 「革新の瞬間」を中央に金文字で・演出: 自然光が差し込む都市背景【出力】・解像度: 4K・品質: ハイエンドプロダクトフォト,# 指示書: 化粧品ラグジュアリーバナー【役割】ビューティー専属ディレクター【目的】化粧品の高級感を演出【クリエイティブ詳細】・商品: 化粧品ボトル・スタイル: エレガント、高級感・サイズ: 800x400px・コピー: 「美の秘密」を下部に白文字で・演出: ソフト照明と花を配置した背景【出力】・解像度: 300dpi・品質: スタジオ撮影品質,# 指示書: 清涼飲料サマーバナー【役割】食品飲料広告クリエイター【目的】喉の渇きを刺激するシズル感【クリエイティブ詳細】・商品: 炭酸飲料缶・スタイル: 爽快、エネルギッシュ・サイズ: 1600x800px・コピー: 「爽快チャージ」を上部に青文字で・演出: 強い日差しとビーチ背景【出力】・解像度: 4K・品質: 水滴までリアルな描写,# 指示書: 書籍プロモーションバナー【役割】ブックデザイナー【目的】知的好奇心を刺激【クリエイティブ詳細】・商品: ハードカバー書籍・スタイル: 知的、落ち着き・サイズ: 1000x500px・コピー: 「未来を読む」を右側に黒文字で・演出: 暖色の照明と本棚背景【出力】・解像度: 300dpi・品質: ライフスタイルフォト,# 指示書: アプリDL促進バナー【役割】UI/UXデザイナー【目的】アプリの先進性をアピール【クリエイティブ詳細】・商品: モバイルアプリ画面・スタイル: ダイナミック、テック感・サイズ: 1400x700px・コピー: 「今すぐダウンロード」を左に緑文字で・演出: スポットライトと抽象的デジタル背景【出力】・解像度: 4K・品質: 3Dレンダリング調,Google Ads統合で即展開。クリック率10%向上。,,,,,,,
3,マーケティング資料作成,P: ブランドマネージャーT: 大手消費財企業,キャンペーンKV生成,# 指示書: キャンペーン・キービジュアル(KV)制作【役割】グローバルブランドのクリエイティブ統括【目的】[キャンペーン名]の世界観を一枚絵で定義【ビジュアル定義】・テーマ/トーン: [テーマ]な雰囲気、[色調]による統一感・主要被写体: [人物/要素]（ブランドキャラクターの一貫性保持）・タイポグラフィ: キャッチコピー「[テキスト]」を[フォント]で配置【品質管理】・解像度: [指定]・スタイル: シネマティックライティング、ストーリーテリング重視,# 指示書: 「夏の冒険」KV【役割】ファミリー向けブランド統括【目的】夏の家族の思い出を想起させる【ビジュアル定義】・テーマ: ビビッドで活動的・色調: 青緑（海と空）・被写体: 笑顔の家族3人（一貫性保持）・コピー: 「家族の絆」 (源ノ角ゴシック)【出力】・解像度: 4K・品質: 映画ポスター級,# 指示書: 「エコライフ」KV【役割】サステナビリティ推進リーダー【目的】環境意識への共感を呼ぶ【ビジュアル定義】・テーマ: ナチュラル、オーガニック・色調: 緑（自然・再生）・被写体: 環境活動家（一貫性保持）・コピー: 「持続可能な明日」 (メイリオ)【出力】・解像度: 300dpi・品質: ドキュメンタリーフォト調,# 指示書: 「イノベート2026」KV【役割】テックブランド責任者【目的】未来技術への期待感を醸成【ビジュアル定義】・テーマ: 未来的、革新・色調: シルバー（金属・光）・被写体: エンジニア2人（一貫性保持）・コピー: 「革新の第一歩」 (ヒラギノ角ゴ)【出力】・解像度: 4K・品質: サイバーパンク調,# 指示書: 「ヘルシー食」KV【役割】食品ブランドマネージャー【目的】健康と美味しさの両立を表現【ビジュアル定義】・テーマ: フレッシュ、健康的・色調: 橙（食欲・元気）・被写体: プロシェフ（一貫性保持）・コピー: 「健康の味」 (游ゴシック)【出力】・解像度: 300dpi・品質: 料理雑誌表紙レベル,# 指示書: 「グローバルコネクト」KV【役割】B2Bブランド責任者【目的】多様性とつながりを表現【ビジュアル定義】・テーマ: 多文化共生・色調: 多色（多様性）・被写体: ビジネスパーソン5人（一貫性保持）・コピー: 「世界をつなぐ」 (筑紫A丸ゴ)【出力】・解像度: 4K・品質: グローバル企業広告調,ブランド一貫性でROI向上。X事例[post:40]。,,,,,,,
4,マーケティング資料作成,P: コンテンツクリエイターT: インフルエンサー企業,SNS投稿画像生成,# 指示書: 10万いいね！を目指すSNS画像生成【役割】トップインフルエンサー専属フォトグラファー【目的】[トピック]に関する視覚的インパクトでエンゲージメント獲得【構成要素】・スタイル: [スタイル]、Instagram/TikTokトレンド準拠・サイズ: [サイズ] (プラットフォーム最適化)・ハッシュタグ配置: [ハッシュタグ]を[位置]にさりげなく配置・加工: [フィルター]を適用し世界観を統一【出力設定】・解像度: [指定]・雰囲気: エモーショナル、憧れを抱かせる構図,# 指示書: フィットネスモチベ画像【役割】スポーツフォトグラファー【目的】トレーニング意欲を刺激【構成要素】・トピック: ワークアウト・スタイル: インスピレーショナル・サイズ: 1080x1080px・タグ: #FitLife (右下)・加工: ビビッドフィルター（高コントラスト）【出力】・解像度: 300dpi,# 指示書: 絶景トラベル画像【役割】トラベルブロガー【目的】旅への憧れを最大化【構成要素】・トピック: 海外旅行・スタイル: アドベンチャー・サイズ: 1200x1200px・タグ: #Wanderlust (中央)・加工: セピアフィルター（ノスタルジック）【出力】・解像度: 4K,# 指示書: 飯テロ料理画像【役割】フードスタイリスト【目的】食欲をそそるシズル感【構成要素】・トピック: 手料理・スタイル: デリシャス・サイズ: 900x900px・タグ: #HomeCooking (上部)・加工: 暖色フィルター（温かみ）【出力】・解像度: 300dpi,# 指示書: ビジネスハック画像【役割】ビジネス系インフルエンサー【目的】プロ意識と有益性を伝達【構成要素】・トピック: 仕事術・スタイル: プロフェッショナル・サイズ: 1080x1080px・タグ: #BusinessHacks (左)・加工: モノクロフィルター（洗練）【出力】・解像度: 4K,# 指示書: 美容ルーティン画像【役割】美容系YouTuber【目的】透明感と美しさを表現【構成要素】・トピック: スキンケア・スタイル: グロウ（発光感）・サイズ: 1000x1000px・タグ: #BeautyRoutine (下部)・加工: パステルフィルター（柔らかさ）【出力】・解像度: 300dpi,エンゲージメント2倍。Xトレンド[post:38]。,,,,,,,
5,マーケティング資料作成,P: PR担当者T: PRエージェンシー,プレスリリース画像,# 指示書: メディア掲載確度を高めるPR画像【役割】報道写真家兼グラフィックデザイナー【目的】[ニュース]の核心を一枚で伝え、メディアの目を引く【構成要素】・トーン&マナー: [トーン]、報道に適した品格・構図: [構成]に基づき視線を誘導・キーメッセージ: [引用]を[フォント]・[色]で力強く配置・背景: [背景]によりニュースの文脈を補完【技術パラメータ】・解像度: [指定]・品質: 新聞・Web記事の一等地に耐えるクオリティ,# 指示書: 新製品発表ビジュアル【役割】テック系PR担当【目的】製品の革命性をアピール【構成要素】・ニュース: 革新的ガジェット発表・トーン: ダイナミック・構図: 黄金比・引用: 「未来を変える」 (源ノ角ゴシック/金)・背景: 都会の夜景【出力】・解像度: 4K,# 指示書: 業務提携発表ビジュアル【役割】コーポレート広報【目的】両社のシナジーを表現【構成要素】・ニュース: 戦略的パートナーシップ・トーン: ポジティブ・構図: 対称（シンメトリー）・引用: 「パートナーシップの力」 (メイリオ/青)・背景: 力強い握手シーン【出力】・解像度: 300dpi,# 指示書: 業績発表ビジュアル【役割】IR担当者【目的】成長性を投資家にアピール【構成要素】・ニュース: 過去最高益達成・トーン: 成功志向・構図: 階層的・引用: 「成長の軌跡」 (ヒラギノ角ゴ/緑)・背景: 上昇する3Dチャート【出力】・解像度: 4K,# 指示書: CSR活動報告ビジュアル【役割】サステナビリティ広報【目的】企業の社会的責任を伝達【構成要素】・ニュース: 地域貢献活動・トーン: 温かみ、人間味・構図: ナラティブ（物語性）・引用: 「社会貢献」 (游ゴシック/橙)・背景: 笑顔のボランティア活動【出力】・解像度: 300dpi,# 指示書: イベント招待ビジュアル【役割】イベントプロモーター【目的】参加意欲の醸成【構成要素】・ニュース: カンファレンス開催・トーン: 招待的（ウェルカム）・構図: 円形（集中）・引用: 「参加を待つ」 (筑紫A丸ゴ/紫)・背景: 賑わうイベント会場【出力】・解像度: 4K,メディア露出増。Adobe統合。,,,,,,,
6,プレゼンテーション資料,P: 営業部長T: 営業チーム,営業スライドヒーロー画像,# 指示書: 聴衆を惹きつけるスライド表紙生成【役割】TED登壇者専属プレゼンデザイナー【目的】[提案内容]のインパクトを最大化するトップ画像作成【デザイン仕様】・スタイル: [スタイル]で統一し、色は[色]を基調とする・テキスト: タイトル「[タイトル]」を[フォント]、サイズ[サイズ]で明瞭に配置・構図: テキスト配置用のネガティブスペースを[割合]確保【出力設定】・解像度: [指定]・品質: 高精細、プロフェッショナルなビジネス写真,# 指示書: 新規事業Alpha提案【役割】戦略コンサルタント【目的】革新的プロジェクトの始動を印象付け【仕様】・スタイル: コーポレート、信頼感・色: 知的な青・タイトル: 「Project Alpha」(源ノ角ゴシック/72pt)・構図: 右側に70%の余白【出力】・解像度: 4K・背景: 未来的な都市の抽象画,# 指示書: 製品デモンストレーション【役割】プロダクトエバンジェリスト【目的】製品の実用性をアピール【仕様】・スタイル: デモンストレーション・色: 成長の緑・タイトル: 「革新のデモ」(メイリオ/60pt)・構図: 左側に60%の余白【出力】・解像度: 300dpi・背景: 手元で操作するデバイス,# 指示書: 徹底市場分析【役割】シニアアナリスト【目的】冷静かつ鋭い分析を表現【仕様】・スタイル: アナリティカル・色: 客観的なグレー・タイトル: 「市場洞察」(ヒラギノ角ゴ/64pt)・構図: 上部に65%の余白【出力】・解像度: 4K・背景: データグリッドと地球儀,# 指示書: 顧客成功ストーリー【役割】ストーリーテラー【目的】感情に訴える成功事例紹介【仕様】・スタイル: ナラティブ・色: 温かみのある暖色・タイトル: 「成功ストーリー」(游ゴシック/68pt)・構図: 下部に75%の余白【出力】・解像度: 300dpi・背景: 笑顔で握手する人々,# 指示書: 次期予算提案【役割】CFO補佐【目的】投資価値を高級感で演出【仕様】・スタイル: 財務的、重厚・色: 富を表すゴールド・タイトル: 「投資リターン」(筑紫A丸ゴ/70pt)・構図: 中央に80%の余白【出力】・解像度: 4K・背景: 金貨と上昇グラフ,Google Slides連携で即共有。説得力向上。,,,,,,,
7,プレゼンテーション資料,P: PMT: プロジェクトチーム,進捗レポート図解,# 指示書: 一目でわかる進捗図解生成【役割】プロジェクト管理の可視化エキスパート【目的】[進捗データ]の現状と見通しを共有【図解仕様】・形式: [図表タイプ]、配色は[色]でステータスを表現・テキスト: ラベル類は[フォント]で視認性高く・付加要素: タイムラインに[要素]を追加し流れを示す【出力設定】・解像度: [指定]・スタイル: フラットデザイン、インフォグラフィック調,# 指示書: Q3ガントチャート【役割】PMOリーダー【目的】スケジュールの遅延なしを証明【仕様】・形式: ガントチャート・色: 進捗順調な青緑・フォント: 源ノ角ゴシック・要素: 進捗矢印を追加【出力】・解像度: 4K・スタイル: クリーン,# 指示書: チームKPI達成状況【役割】チームリーダー【目的】KPI達成率を強調【仕様】・形式: ドーナツ円グラフ・色: カテゴリ別多色・フォント: メイリオ・要素: 進捗バーを追加【出力】・解像度: 300dpi・スタイル: モダン,# 指示書: プロジェクトリスク評価【役割】リスクマネージャー【目的】潜在リスクの警告【仕様】・形式: ヒートマップ・色: 危険度の赤〜黄・フォント: ヒラギノ角ゴ・要素: 警告アイコンを追加【出力】・解像度: 4K・スタイル: アラート調,# 指示書: 予算消化状況【役割】予算管理者【目的】コスト超過の防止【仕様】・形式: 棒グラフ・色: 予実対比の青と橙・フォント: 游ゴシック・要素: トレンド線を追加【出力】・解像度: 300dpi・スタイル: 財務レポート調,# 指示書: リソース配分フロー【役割】リソースプランナー【目的】人員配置の最適化【仕様】・形式: フローチャート・色: 役割別の緑と紫・フォント: 筑紫A丸ゴ・要素: 接続ノードを追加【出力】・解像度: 4K・スタイル: ネットワーク図,事実準拠で信頼性高。X事例[post:43]。,,,,,,,
8,プレゼンテーション資料,P: 執行役員T: 経営層,取締役会資料表紙,# 指示書: 経営決断を促す資料表紙【役割】エグゼクティブ・プレゼンテーション作家【目的】[議題]の重要性と格調高さを表現【デザイン仕様】・テーマ: [テーマ]、信頼と権威・タイポグラフィ: [フォント]を使用・サブタイトル: 「[サブタイトル]」を[色]で[位置]に配置・シンボル: [要素]を抽象的に配置し象徴化【出力設定】・解像度: [指定]・品質: プレミアム、印刷対応,# 指示書: 2025年度決算報告【役割】経営企画室長【目的】堅実な決算結果を報告【仕様】・テーマ: プロフェッショナル・フォント: 源ノ角ゴシック・サブ: 「2025年度決算」(金/中央)・シンボル: 抽象的な上昇グラフ【出力】・解像度: 4K,# 指示書: 中期経営戦略レビュー【役割】CSO（最高戦略責任者）【目的】未来への指針を示す【仕様】・テーマ: ビジョナリー・フォント: メイリオ・サブ: 「未来戦略」(青/上部)・シンボル: 方位磁針（コンパス）【出力】・解像度: 300dpi,# 指示書: リスク管理・ガバナンス【役割】コンプライアンス役員【目的】守りの強化を宣言【仕様】・テーマ: セキュア（堅牢）・フォント: ヒラギノ角ゴ・サブ: 「ガバナンス強化」(赤/下部)・シンボル: 盾（シールド）【出力】・解像度: 4K,# 指示書: ESG・サステナビリティ報告【役割】サステナビリティ担当役員【目的】社会的責任の遂行を報告【仕様】・テーマ: サステナブル・フォント: 游ゴシック・サブ: 「持続可能性」(緑/右)・シンボル: 新芽や葉【出力】・解像度: 300dpi,# 指示書: 技術イノベーション投資【役割】CTO（最高技術責任者）【目的】新技術への投資承認【仕様】・テーマ: イノベーティブ・フォント: 筑紫A丸ゴ・サブ: 「新技術投資」(紫/左)・シンボル: 光る電球【出力】・解像度: 4K,印象度向上で承認率高。企業事例。,,,,,,,
9,プレゼンテーション資料,P: 研修担当者T: HR部門,社内トレーニングビジュアル,# 指示書: 学習効果を高める研修資料画像【役割】インストラクショナルデザイナー【目的】[トピック]の理解を深める視覚教材作成【デザイン仕様】・構成: [スタイル]かつ[構成]で情報を整理・ナンバリング: ステップを[番号]と[色]で明確化・視覚補助: [アイコン]を使用して直感的に理解促進【出力設定】・解像度: [指定]・トーン: 教育的、わかりやすさ優先,# 指示書: リーダーシップ研修【役割】人材開発トレーナー【目的】リーダーの段階的成長を図解【仕様】・構成: 階層的なステップバイステップ・番号: 1〜5 (青)・補助: 上昇する矢印アイコン【出力】・解像度: 4K,# 指示書: コンプライアンス遵守【役割】法務研修担当【目的】ルール順守のポイント整理【仕様】・構成: 法的なリスト形式・番号: 1〜4 (赤)・補助: チェックマークアイコン【出力】・解像度: 300dpi,# 指示書: スキルアップロードマップ【役割】キャリアコーチ【目的】成長の道筋を可視化【仕様】・構成: 成長するツリー構造・番号: 1〜6 (緑)・補助: 葉のアイコン【出力】・解像度: 4K,# 指示書: チームビルディング【役割】ファシリテーター【目的】協力関係の構築を図解【仕様】・構成: 循環する円形構造・番号: 1〜3 (橙)・補助: 繋がる輪のアイコン【出力】・解像度: 300dpi,# 指示書: デジタルツール導入【役割】IT研修講師【目的】ツールの連携を説明【仕様】・構成: テック感のあるグリッド・番号: 1〜7 (紫)・補助: 歯車（ギア）アイコン【出力】・解像度: 4K,学習効率2倍。教育事例。,,,,,,,
10,プレゼンテーション資料,P: コンサルタントT: クライアント,クライアント提案図,# 指示書: コンサルティング提案図解【役割】マッキンゼー流図解作成のプロ【目的】[課題解決]のロジックを視覚的に証明【図解仕様】・タイプ: [タイプ]、色調は[色調]で知的に・データ: [データポイント]を[ラベル/フォント]で明記・フロー: 矢印を[方向]へ配置し論理の流れを示す【出力設定】・解像度: [指定]・スタイル: ミニマル、高コントラスト,# 指示書: 売上V字回復プラン【役割】経営再生コンサルタント【目的】回復への道筋を提示【仕様】・タイプ: フローチャート・色調: 知的な青・データ: 3点 (源ノ角ゴシック)・フロー: 右向き矢印（進行）【出力】・解像度: 4K,# 指示書: 業務効率化スキーム【役割】業務改善コンサルタント【目的】ムダの削減箇所を特定【仕様】・タイプ: マインドマップ・色調: 効率の緑・データ: 5点 (メイリオ)・フロー: 放射状矢印（展開）【出力】・解像度: 300dpi,# 指示書: 市場拡大戦略【役割】マーケティングコンサル【目的】ターゲット層の移行を図解【仕様】・タイプ: サンキーダイアグラム・色調: 活力の橙・データ: 4点 (ヒラギノ角ゴ)・フロー: 上向き矢印（成長）【出力】・解像度: 4K,# 指示書: コスト削減分析【役割】財務コンサルタント【目的】重複コストの洗い出し【仕様】・タイプ: ベン図・色調: 冷静な灰・データ: 2点 (游ゴシック)・フロー: 交差矢印（重複）【出力】・解像度: 300dpi,# 指示書: イノベーションロードマップ【役割】技術戦略コンサル【目的】技術導入の時系列を表示【仕様】・タイプ: タイムライン・色調: 先進の紫・データ: 6点 (筑紫A丸ゴ)・フロー: 時系列矢印（未来）【出力】・解像度: 4K,提案受注率向上。X事例[post:37]。,,,,,,,
11,商品画像作成,P: EC商品担当者T: ECプラットフォーム,製品ライフスタイルショット,# 指示書: 売れるライフスタイル画像生成【役割】コマーシャルフォトグラファー【目的】[製品]の使用シーンを魅力的に演出し購買意欲を刺激【撮影指示】・シーン: [シーン]、[照明]を使用・構図: [角度]からのショット、背景は[背景]・品質: ブランドの一貫性を保持【出力設定】・解像度: [指定]・スタイル: インスタ映え、リアリスティック,# 指示書: ワイヤレスイヤホン【役割】スポーツ用品フォトグラファー【目的】アクティブな使用感を訴求【撮影指示】・シーン: ジムでのトレーニング・照明: 自然光（窓際）・構図: 正面、都会的な背景【出力】・解像度: 4K・雰囲気: 汗と爽快感,# 指示書: 高級スキンケアセット【役割】美容専属カメラマン【目的】リラックスと高級感を演出【撮影指示】・シーン: 高級スパ・照明: 柔らかいソフトライト・構図: 斜め45度、癒しの背景【出力】・解像度: 300dpi・雰囲気: 静寂と清潔感,# 指示書: 最新ラップトップ【役割】ガジェットレビュアー【目的】仕事ができる空間を演出【撮影指示】・シーン: モダンなオフィス・照明: デスクライト・構図: 真上（俯瞰）、整理された机【出力】・解像度: 4K・雰囲気: 知的生産性,# 指示書: ストリートスニーカー【役割】ファッションフォトグラファー【目的】クールなストリート感を演出【撮影指示】・シーン: 路地裏のストリート・照明: 街灯やネオン・構図: 真横（サイド）、グラフィティ壁【出力】・解像度: 300dpi・雰囲気: エッジの効いた,# 指示書: コーヒーメーカー【役割】ライフスタイル誌カメラマン【目的】朝の豊かな時間を演出【撮影指示】・シーン: 明るいキッチン・照明: 朝の暖かな光・構図: 斜め上、木目のカウンター【出力】・解像度: 4K・雰囲気: 香り立つような,Amazon売上2倍事例。,,,,,,,
12,商品画像作成,P: 製品デザイナーT: 製造業,白抜き画像編集,# 指示書: EC用白抜き・合成画像編集【役割】レタッチ職人【目的】[製品画像]をECサイト用に最適化・合成【編集指示】・処理: [編集指示]に基づき背景を完全除去または合成・スタイル: [スタイル]で質感を調整・合成要素: [テキスト/ロゴ]を違和感なく[シームレス融合]【出力設定】・解像度: [指定]・形式: 背景透過PNGまたは純白背景JPG,# 指示書: ボトル合成イメージ【役割】パッケージレタッチャー【目的】自然な商品イメージ作成【編集指示】・処理: ライフスタイル背景合成・スタイル: 超リアル・合成: 「Natural Essence」文字【出力】・解像度: 4K,# 指示書: 高級時計カタログ用【役割】宝飾品レタッチャー【目的】金属の光沢を強調【編集指示】・処理: エレガントな反射追加・スタイル: ラグジュアリー・合成: ブランドロゴ刻印【出力】・解像度: 300dpi,# 指示書: バッグ商品ページ用【役割】アパレル画像編集者【目的】使用シーンを想像させる【編集指示】・処理: ストリート背景合成・スタイル: カジュアル・合成: 価格タグ【出力】・解像度: 4K,# 指示書: 家具インテリア合成【役割】インテリアシミュレーター【目的】部屋への配置イメージ【編集指示】・処理: モダンな部屋に配置・スタイル: 北欧モダン・合成: 素材説明ラベル【出力】・解像度: 300dpi,# 指示書: 電動工具スペック画像【役割】カタログ編集者【目的】プロ仕様の頑丈さを表現【編集指示】・処理: 工房背景合成・スタイル: プロ仕様・合成: スペック数値【出力】・解像度: 4K,撮影コスト削減。,,,,,,,
13,商品画像作成,P: ブランドプランナーT: 消費財ブランド,商品モックアップ,# 指示書: リアルな商品パッケージモックアップ【役割】3Dパッケージデザイナー【目的】[パッケージ]のデザイン検証用ビジュアル作成【モックアップ仕様】・環境: [環境]に配置し、スケール感は[スケール]・ラベル: 「[ラベルテキスト]」を歪みなく正確にマッピング・ライティング: 素材感を際立たせるリアル照明【出力設定】・解像度: [指定]・品質: フォトリアル3Dレンダリング,# 指示書: シャンプーボトル【役割】バスアメニティデザイナー【目的】浴室での見え方を確認【仕様】・環境: 湿気のあるバスルーム・スケール: 実物大・ラベル: 「Organic Care」【出力】・解像度: 4K・質感: 水滴付きプラスチック,# 指示書: 食品パッケージ【役割】食品パッケージ担当【目的】キッチンでの存在感確認【仕様】・環境: 明るいキッチン・スケール: 中サイズ・ラベル: 「Fresh Taste」【出力】・解像度: 300dpi・質感: マットな紙箱,# 指示書: コスメ瓶【役割】化粧品企画【目的】ドレッサーでの高級感確認【仕様】・環境: 化粧台（ドレッサー）・スケール: 小瓶・ラベル: 「Glow Formula」【出力】・解像度: 4K・質感: 光沢ガラス,# 指示書: エナジードリンク【役割】飲料マーケター【目的】アウトドアでの映え確認【仕様】・環境: ピクニックシート・スケール: 缶サイズ・ラベル: 「Energy Boost」【出力】・解像度: 300dpi・質感: 冷えた金属缶,# 指示書: 書籍装丁【役割】ブックデザイナー【目的】書斎での知的な雰囲気確認【仕様】・環境: 落ち着いた書斎・スケール: 四六判・ラベル: 「Wisdom Series」【出力】・解像度: 4K・質感: 紙の質感,プロトタイプ高速化。,,,,,,,
14,商品画像作成,P: 輸出担当者T: 輸出企業,国際商品画像ローカライズ,# 指示書: 文化に最適化した商品画像ローカライズ【役割】クロスカルチャー・マーケティング専門家【目的】[製品]を[言語/文化]圏の顧客に響くよう現地化【ローカライズ仕様】・テキスト: 「[テキスト翻訳]」を現地の書体で挿入・文化要素: [文化要素]を背景や装飾に融合・一貫性: ブランドの核となるアイデンティティは保持【出力設定】・解像度: [指定]・スタイル: 現地市場に馴染む自然な合成,# 指示書: ワイン (日本向け)【役割】日本市場担当マネージャー【目的】和食に合う高級感を演出【仕様】・言語: 日本語「純米大吟醸」・文化: 桜の花びら、和紙・一貫性: ボトル形状保持【出力】・解像度: 4K・雰囲気: 雅（みやび）,# 指示書: ファッション (スペイン向け)【役割】南欧市場担当【目的】情熱的なスタイルを訴求【仕様】・言語: 西語「Estilo Vibrante」・文化: フラメンコの赤、タイル・一貫性: 服のデザイン保持【出力】・解像度: 300dpi・雰囲気: パッション,# 指示書: 電子機器 (中国向け)【役割】中華圏マーケター【目的】縁起の良さと先進性を融合【仕様】・言語: 中国語「智能生活」・文化: 龍のモチーフ、赤と金・一貫性: デバイス保持【出力】・解像度: 4K・雰囲気: 吉祥とテクノロジー,# 指示書: 食品 (フランス向け)【役割】欧州市場担当【目的】本場の味わいを表現【仕様】・言語: 仏語「Saveur Authentique」・文化: ワイングラス、バゲット・一貫性: パッケージ保持【出力】・解像度: 300dpi・雰囲気: シック,# 指示書: 玩具 (中東向け)【役割】中東市場担当【目的】現地の家族観に訴求【仕様】・言語: アラビア語「لعب ممتع」・文化: ランプ、幾何学模様・一貫性: おもちゃ保持【出力】・解像度: 4K・雰囲気: 暖かな団欒,グローバル売上増。,,,,,,,
15,商品画像作成,P: 小売店長T: 小売チェーン,店頭POP画像,# 指示書: 購買率を上げる店頭POPデザイン【役割】セールスプロモーション・デザイナー【目的】[プロモ]の内容を一瞬で伝え、足を止めさせる【デザイン仕様】・デザイン: [デザイン]な雰囲気、サイズは[サイズ]・キャッチコピー: 「[キャッチコピー]」を[フォント]・[色]で最大強調・機能: スマホ誘導用のQRコードスペースを確保【出力設定】・解像度: [指定]・スタイル: 視認性最強、印刷対応CMYK,# 指示書: 半額セールPOP【役割】量販店販促担当【目的】お得感を爆発させる【仕様】・デザイン: ポップで賑やか・サイズ: A4・コピー: 「50%OFF」(源ノ角/赤)・機能: QRコード右下【出力】・解像度: 300dpi,# 指示書: 新商品発売POP【役割】百貨店フロアマネージャー【目的】限定感と高級感を演出【仕様】・デザイン: エレガント・サイズ: A3・コピー: 「限定発売」(メイリオ/金)・機能: QRコード中央下【出力】・解像度: 4K,# 指示書: ハロウィン特集POP【役割】季節イベント担当【目的】イベントムードを盛り上げ【仕様】・デザイン: フェスティバル・サイズ: ポスター判・コピー: 「ハロウィン特集」(ヒラギノ/橙)・機能: QRコード左下【出力】・解像度: 300dpi,# 指示書: お得セットPOP【役割】ドラッグストア店長【目的】まとめ買いを推奨【仕様】・デザイン: バリュー（お得）・サイズ: A5・コピー: 「お得セット」(游ゴシック/緑)・機能: QRコード右隅【出力】・解像度: 4K,# 指示書: 在庫一掃POP【役割】アウトレット店長【目的】緊急性を煽る【仕様】・デザイン: クリアランス（一掃）・サイズ: 横長バナー・コピー: 「最終処分」(筑紫/青)・機能: QRコード中央【出力】・解像度: 300dpi,店頭売上3倍。,,,,,,,
16,デザイン/ブランディング,P: グラフィックデザイナーT: スタートアップ,ロゴデザイン,# 指示書: ブランドの核となるロゴ生成【役割】CI/VI専門のトップロゴデザイナー【目的】[ブランド名]のアイデンティティを象徴するロゴ作成【デザイン仕様】・スタイル: [スタイル]、配色は[色]を使用・シンボル: [シンボル]の概念を幾何学的・抽象的に統合・表現: 拡大縮小に耐えるベクターアート風【出力設定】・解像度: [指定]・背景: 白または透過、視認性重視,# 指示書: TechNova【役割】テック系CIデザイナー【目的】先進性と知性を表現【仕様】・スタイル: ミニマル・色: 青とシルバー・シンボル: 電子回路とNの融合【出力】・解像度: 4K・表現: フラットデザイン,# 指示書: GreenLife【役割】エシカルブランドデザイナー【目的】自然との共生を表現【仕様】・スタイル: オーガニック・色: 深緑と白・シンボル: 葉脈と水滴【出力】・解像度: 300dpi・表現: 手書き風タッチ,# 指示書: SwiftMove【役割】物流系デザイナー【目的】スピードと正確性を表現【仕様】・スタイル: ダイナミック・色: 赤と黒・シンボル: 加速する矢印【出力】・解像度: 4K・表現: スピードライン,# 指示書: PureEssence【役割】美容系デザイナー【目的】純粋さと美を表現【仕様】・スタイル: エレガント・色: パステルピンク・シンボル: 雫と花弁【出力】・解像度: 300dpi・表現: 細いラインアート,# 指示書: InnoSpark【役割】コンサルCIデザイナー【目的】閃きと革新を表現【仕様】・スタイル: イノベーティブ・色: 紫とゴールド・シンボル: 電球と星の輝き【出力】・解像度: 4K・表現: 3Dアイコン風,ブランドアイデンティティ強化。,,,,,,,
17,デザイン/ブランディング,P: UI/UXデザイナーT: テック企業,UIモックアップ,# 指示書: ユーザー体験を可視化するUIデザイン【役割】Google Material Designエキスパート【目的】[画面]の直感的で美しいUI案を作成【UI仕様】・テーマ: [テーマ]、デザインシステムに基づく統一感・構成要素: [ナビ/ボタン]を[要素]として配置・特性: レスポンシブ対応を意識したレイアウト【出力設定】・解像度: [指定]・品質: Dribbble/Behance掲載レベル,# 指示書: ダッシュボード【役割】SaaSプロダクトデザイナー【目的】データ一覧性の確保【仕様】・テーマ: モダン/ダークモード・要素: サイドナビ/フラットボタン・特性: グリッドレイアウト【出力】・解像度: 4K,# 指示書: ログイン画面【役割】アプリデザイナー【目的】スムーズな認証体験【仕様】・テーマ: クリーン/ライトモード・要素: 中央フォーム/角丸ボタン・特性: 余白の活用【出力】・解像度: 300dpi,# 指示書: プロフィール【役割】SNS UIデザイナー【目的】個性の表現【仕様】・テーマ: パーソナル/アクセントカラー・要素: 円形アバター/アイコンボタン・特性: カード型レイアウト【出力】・解像度: 4K,# 指示書: 検索画面【役割】ECサイトデザイナー【目的】検索性の向上【仕様】・テーマ: サーチフォーカス/グレー・要素: 大型検索バー/フィルターボタン・特性: リスト表示【出力】・解像度: 300dpi,# 指示書: 決済画面【役割】Fintechデザイナー【目的】安心感と離脱防止【仕様】・テーマ: セキュア/緑アクセント・要素: ステップバー/支払ボタン・特性: シンプルな動線【出力】・解像度: 4K,開発サイクル短縮。,,,,,,,
18,デザイン/ブランディング,P: パッケージデザイナーT: 食品メーカー,パッケージデザイン,# 指示書: シェルフで際立つパッケージデザイン【役割】ペントアワード受賞パッケージデザイナー【目的】[商品パッケージ]の魅力を立体的に表現【デザイン仕様】・素材/形状: [素材]を使用し、リアルな質感表現・グラフィック: [テキスト/グラフィック]を[ラベル]として配置・スタイル: 3Dレンダリング風の立体感【出力設定】・解像度: [指定]・照明: スタジオライティング,# 指示書: フレッシュジュース【役割】飲料パッケージ担当【目的】新鮮さをアピール【仕様】・素材: 再生紙カートン・ラベル: エコラベル「Fresh Juice」・図案: 瑞々しい果実【出力】・解像度: 4K,# 指示書: 朝食シリアル【役割】食品パッケージ担当【目的】健康的な朝を想起【仕様】・素材: プラスチック袋・ラベル: 栄養成分表示「Healthy Start」・図案: 穀物とミルク【出力】・解像度: 300dpi,# 指示書: プレミアムココア【役割】高級菓子担当【目的】濃厚な味わいを表現【仕様】・素材: 金属缶（マット加工）・ラベル: 金箔押し「Rich Cocoa」・図案: カカオ豆【出力】・解像度: 4K,# 指示書: キッズスナック【役割】菓子パッケージ担当【目的】楽しさをアピール【仕様】・素材: アルミ蒸着袋・ラベル: ポップな「Crunchy Fun」・図案: キャラクター野菜【出力】・解像度: 300dpi,# 指示書: 禅ティー【役割】茶葉ブランド担当【目的】静寂と和を表現【仕様】・素材: 和紙貼箱・ラベル: 筆文字「Zen Tea」・図案: 茶葉と露【出力】・解像度: 4K,棚映え向上。,,,,,,,
19,デザイン/ブランディング,P: イベントプランナーT: イベント会社,イベント招待状デザイン,# 指示書: 参加意欲をそそる招待状デザイン【役割】ハイエンド・ステーショナリーデザイナー【目的】[イベント]への期待感を高める招待状作成【デザイン仕様】・テーマ: [テーマ]、レイアウトは[レイアウト]・情報: 「[日時/場所]」を[フォント]で美しく配置・機能: QRコードをデザインの一部として統合【出力設定】・解像度: [指定]・質感: 特殊紙のテクスチャ感,# 指示書: Techカンファレンス【役割】イベントデザイナー【目的】最先端技術への招待【仕様】・テーマ: 未来的・レイアウト: グリッド・文字: 「2026/1/15 東京」(源ノ角)【出力】・解像度: 4K,# 指示書: ワイン試飲会【役割】ラグジュアリー担当【目的】優雅な夜への招待【仕様】・テーマ: エレガント・レイアウト: クラシック・文字: 「2026/2/20 パリ」(メイリオ)【出力】・解像度: 300dpi,# 指示書: 現代アート展【役割】ギャラリーデザイナー【目的】創造性への招待【仕様】・テーマ: クリエイティブ・レイアウト: アシンメトリー・文字: 「2026/3/10 NY」(ヒラギノ)【出力】・解像度: 4K,# 指示書: ビジネスセミナー【役割】企業イベント担当【目的】学びの場への招待【仕様】・テーマ: プロフェッショナル・レイアウト: シンメトリー・文字: 「2026/4/5 倫敦」(游ゴシック)【出力】・解像度: 300dpi,# 指示書: チャリティガラ【役割】NPOイベント担当【目的】支援の夜への招待【仕様】・テーマ: 慈愛（チャリティ）・レイアウト: フローラル・文字: 「2026/5/12 ベルリン」(筑紫)【出力】・解像度: 4K,参加率向上。,,,,,,,
20,デザイン/ブランディング,P: コーポレートデザイナーT: 企業広報部,社内ブランディングポスター,# 指示書: 社員の心を動かす啓発ポスター【役割】インナーブランディング専門家【目的】[メッセージ]を視覚化しモチベーション向上【ポスター仕様】・トーン: [トーン]、サイズは[サイズ]・要素: 社ロゴとスローガン「[ロゴ/スローガン]」を統合・心理効果: 高揚感と帰属意識を刺激【出力設定】・解像度: [指定]・品質: オフィス掲示用高画質,# 指示書: イノベーション推進【役割】変革リーダー【目的】変化への挑戦を鼓舞【仕様】・トーン: インスパイア・サイズ: A2・文字: 「Change Now」・効果: 未来への希望【出力】・解像度: 4K,# 指示書: チームワーク強化【役割】組織開発担当【目的】団結力を高める【仕様】・トーン: コラボレーション・サイズ: A1・文字: 「Together Strong」・効果: 仲間意識【出力】・解像度: 300dpi,# 指示書: サステナビリティ【役割】環境推進室【目的】エコ意識の定着【仕様】・トーン: エコロジー・サイズ: A3・文字: 「Green Future」・効果: 環境責任【出力】・解像度: 4K,# 指示書: 成長マインドセット【役割】人事部長【目的】日々の成長を推奨【仕様】・トーン: モチベーショナル・サイズ: A0・文字: 「Grow Daily」・効果: 自己研鑽【出力】・解像度: 300dpi,# 指示書: ダイバーシティ【役割】D&I担当【目的】多様性の受容【仕様】・トーン: インクルーシブ・サイズ: 特大ポスター・文字: 「Diverse Voices」・効果: 受容と尊重【出力】・解像度: 4K,社内エンゲージメント向上。,,,,,,,
21,教育/トレーニング資料,P: トレーナーT: 研修機関,ワークショップ図解,# 指示書: ワークショップ用プロセス図解【役割】ファシリテーショングラフィックの達人【目的】[プロセス]の流れを直感的に共有【図解仕様】・構造: [ステップ]段階の[視覚]形式・テキスト: 各ラベルを[フォント]で明記・スタイル: ホワイトボード風の手書き感あるインタラクティブ風【出力設定】・解像度: [指定]・雰囲気: 参加型、親しみやすさ,# 指示書: プロジェクト管理【役割】PM研修講師【目的】タスクの流れを整理【仕様】・構造: 5ステップ/フローチャート・文字: 源ノ角ゴシック・内容: 計画〜完了【出力】・解像度: 4K,# 指示書: コミュニケーション【役割】対話コーチ【目的】対話のコツを可視化【仕様】・構造: 4ステップ/マインドマップ・文字: メイリオ・内容: 傾聴〜フィードバック【出力】・解像度: 300dpi,# 指示書: タイムマネジメント【役割】生産性コーチ【目的】時間の使い方を整理【仕様】・構造: 6ステップ/タイムライン・文字: ヒラギノ角ゴ・内容: 優先順位付け【出力】・解像度: 4K,# 指示書: クリエイティブ思考【役割】アイデア発想講師【目的】発想の拡散を図解【仕様】・構造: 3ステップ/ブレインストーム・文字: 游ゴシック・内容: 発散〜収束【出力】・解像度: 300dpi,# 指示書: リーダーシップ【役割】経営塾講師【目的】指導原理の階層化【仕様】・構造: 7ステップ/ピラミッド・文字: 筑紫A丸ゴ・内容: 自己規律〜他者貢献【出力】・解像度: 4K,理解促進。,,,,,,,
22,教育/トレーニング資料,P: カリキュラムデザイナーT: eラーニング企業,コースマップビジュアル,# 指示書: 学習意欲を持続させるコースマップ【役割】ゲーミフィケーション・デザイナー【目的】[コース]の全体像と現在地を提示【マップ仕様】・構造: [構造]で構成し、配色は[色]基調・モジュール: [モジュール]個の要素を[アイコン/テキスト]で表現・機能: 学習進捗バーを追加し達成感を演出【出力設定】・解像度: [指定]・スタイル: RPGのワールドマップ風,# 指示書: デジマ講座マップ【役割】マーケティング講師【目的】スキルの習得順序を提示【仕様】・構造: モジュール構造/青・要素: 10個/ギア+源ノ角・演出: レベルアップ感【出力】・解像度: 4K,# 指示書: データ科学マップ【役割】データサイエンティスト【目的】知識の積み上げを可視化【仕様】・構造: 階層構造/緑・要素: 8個/チャート+メイリオ・演出: 登山のような達成感【出力】・解像度: 300dpi,# 指示書: UXデザインマップ【役割】デザイン講師【目的】プロセスの流れを提示【仕様】・構造: フロー構造/紫・要素: 12個/ワイヤー+ヒラギノ・演出: 滑らかな道筋【出力】・解像度: 4K,# 指示書: 財務管理マップ【役割】会計講師【目的】資産形成の成長を提示【仕様】・構造: ツリー構造/橙・要素: 6個/ドル+游ゴシック・演出: 実がなる木【出力】・解像度: 300dpi,# 指示書: AI基礎マップ【役割】AI研究者【目的】知識のネットワーク化【仕様】・構造: ネットワーク構造/多色・要素: 9個/ニューロン+筑紫・演出: 脳内シナプス【出力】・解像度: 4K,完了率向上。,,,,,,,
23,教育/トレーニング資料,P: 教師T: 教育機関,授業スライドイラスト,# 指示書: 記憶に残る授業用イラスト生成【役割】教育図書イラストレーター【目的】[トピック]の重要概念を視覚的に解説【イラスト仕様】・スタイル: [スタイル]で描き、[詳細]まで精密に描写・注釈: 重要語句「[用語]」を[ハイライト/フォント]で強調・トーン: アカデミックかつ興味を惹く教育的トーン【出力設定】・解像度: [指定]・背景: 白または黒板風,# 指示書: 生物学（細胞）【役割】理科教師【目的】細胞内小器官の解説【仕様】・スタイル: リアルな3D断面図・詳細: ミトコンドリアの構造・注釈: 黄色ハイライト+源ノ角【出力】・解像度: 4K,# 指示書: 世界史（ルネサンス）【役割】社会科教師【目的】時代の空気感を伝達【仕様】・スタイル: 古典絵画風・詳細: フィレンツェの街並み・注釈: 金色ハイライト+メイリオ【出力】・解像度: 300dpi,# 指示書: 物理学（力学）【役割】物理教師【目的】法則の直感的理解【仕様】・スタイル: 簡潔なダイアグラム・詳細: 運動のベクトル・注釈: 青ハイライト+ヒラギノ【出力】・解像度: 4K,# 指示書: 文学（シェイクスピア）【役割】国語教師【目的】作品のテーマを象徴【仕様】・スタイル: 演劇風ナラティブ・詳細: 悲劇の象徴（ドクロ等）・注釈: 赤ハイライト+游ゴシック【出力】・解像度: 300dpi,# 指示書: 地理（プレート）【役割】地理教師【目的】地球の動きを解説【仕様】・スタイル: 立体地図・詳細: 地殻変動の断面・注釈: 緑ハイライト+筑紫【出力】・解像度: 4K,視覚学習効果高。,,,,,,,
24,教育/トレーニング資料,P: コーチT: コーチングサービス,コーチングカード,# 指示書: 心に響くコーチングカード生成【役割】メンタルヘルス・デザイナー【目的】[アドバイス]を視覚化し、行動変容を促す【カード仕様】・デザイン: [デザイン]な雰囲気、テキストは[テキスト]色・引用句: 「[引用]」を[フォント/色]で中央に配置・心理効果: モチベーションを高めるエモーショナルな画像【出力設定】・解像度: [指定]・比率: カードサイズ（スマホ壁紙対応）,# 指示書: 目標設定【役割】ライフコーチ【目的】夢への情熱を点火【仕様】・デザイン: インスパイア（朝日）・引用: 「夢を追え」(源ノ角/金)・心理: 希望とエネルギー【出力】・解像度: 4K,# 指示書: ストレス管理【役割】メンタルコーチ【目的】心の平穏を取り戻す【仕様】・デザイン: カーム（静かな海）・引用: 「息を整えよ」(メイリオ/青)・心理: 安らぎと沈静【出力】・解像度: 300dpi,# 指示書: 人脈形成【役割】ビジネスコーチ【目的】社交への恐怖を払拭【仕様】・デザイン: コネクト（結び目）・引用: 「つながりを築け」(ヒラギノ/緑)・心理: 開放性と信頼【出力】・解像度: 4K,# 指示書: 習慣化【役割】習慣化コンサル【目的】継続の重要性を説く【仕様】・デザイン: ハビット（積み石）・引用: 「毎日一歩」(游ゴシック/橙)・心理: 着実な進歩【出力】・解像度: 300dpi,# 指示書: リーダーシップ【役割】エグゼクティブコーチ【目的】覚悟を促す【仕様】・デザイン: エンパワー（頂上）・引用: 「導け」(筑紫/紫)・心理: 力強さと責任【出力】・解像度: 4K,クライアント定着。,,,,,,,
25,教育/トレーニング資料,P: 教材開発者T: 教育アプリ開発,クイズビジュアル,# 指示書: ゲーミフィケーション・クイズ画像【役割】エデュテインメント（教育+娯楽）デザイナー【目的】[クイズ]への興味を引くインタラクティブ画面作成【ビジュアル仕様】・テーマ: [テーマ]の世界観、選択肢は[選択肢]つ・ギミック: [正解]を[ハイライト]エフェクトで隠す（または強調）・スタイル: アプリUI風のインタラクティブデザイン【出力設定】・解像度: [指定]・品質: スマホ画面で鮮明,# 指示書: 地理クイズ【役割】社会科アプリ開発【目的】国名当てクイズ【仕様】・テーマ: 世界地図・選択肢: 4択・正解: 緑色でマスクして隠す【出力】・解像度: 4K,# 指示書: 科学実験クイズ【役割】理科アプリ開発【目的】反応結果予想クイズ【仕様】・テーマ: 実験室（ラボ）・選択肢: 3択・正解: 青色液体の変化を隠す【出力】・解像度: 300dpi,# 指示書: 歴史年号クイズ【役割】歴史アプリ開発【目的】出来事の順序当て【仕様】・テーマ: 年表（タイムライン）・選択肢: 5択・正解: 金色で年号を隠す【出力】・解像度: 4K,# 指示書: グラフ読み取り【役割】数学アプリ開発【目的】最大値当てクイズ【仕様】・テーマ: 統計グラフ・選択肢: 2択（○×）・正解: 赤丸で箇所を隠す【出力】・解像度: 300dpi,# 指示書: 英単語クイズ【役割】語学アプリ開発【目的】類義語選択クイズ【仕様】・テーマ: ワードクラウド・選択肢: 4択・正解: 紫色で単語を隠す【出力】・解像度: 4K,参加度向上。,,,,,,,
26,技術/医療資料,P: ITエンジニアT: テックスタートアップ,アーキテクチャ図,# 指示書: 開発者向けシステムアーキテクチャ図【役割】クラウドソリューションアーキテクト【目的】[システム]の構造を技術的に正確かつ美しく可視化【設計仕様】・構成: [レイヤー]層の多層構造、キーカラーは[色]・要素: [コンポーネント]を[ラベル/フォント]で明示・スタイル: 立体的な把握が可能なアイソメトリック3D風【出力設定】・解像度: [指定]・背景: ダークモードまたはテックグリッド,# 指示書: クラウド構成図【役割】AWS認定エンジニア【目的】スケーラブルな構成を提示【仕様】・構成: 7層/信頼の青・要素: サーバー群(源ノ角ゴシック)・スタイル: 3Dアイソメトリック【出力】・解像度: 4K,# 指示書: AIパイプライン【役割】ML Opsエンジニア【目的】学習データの流れを可視化【仕様】・構成: 5層/知能の緑・要素: 学習モデル(メイリオ)・スタイル: フロー型3D【出力】・解像度: 300dpi,# 指示書: DBスキーマ概念図【役割】DBスペシャリスト【目的】データ関係性の整理【仕様】・構成: 4層/論理的な灰・要素: SQLクエリ(ヒラギノ)・スタイル: 構造的ブロック【出力】・解像度: 4K,# 指示書: セキュリティ多層防御【役割】セキュリティアナリスト【目的】堅牢性の証明【仕様】・構成: 6層/警告の赤・要素: FW/WAF(游ゴシック)・スタイル: 防壁メタファー【出力】・解像度: 300dpi,# 指示書: IoTネットワーク【役割】IoTアーキテクト【目的】エッジからクラウドへの接続【仕様】・構成: 8層/通信の紫・要素: センサー群(筑紫A丸ゴ)・スタイル: ネットワーク3D【出力】・解像度: 4K,開発効率化。,,,,,,,
27,技術/医療資料,P: 医療イラストレーターT: 製薬会社,治療プロセス図,# 指示書: 科学的精度の高い医療プロセス図【役割】メディカル・ビジュアライゼーション専門家【目的】[治療]の機序を医療関係者向けに図解【描画仕様】・ステップ: [ステップ]段階のプロセスを[視覚]表現で展開・用語: 専門用語「[用語]」を[フォント/色]で正確に配置・トーン: 信頼性と清潔感のあるメディカル・エデュケーション調【出力設定】・解像度: [指定]・品質: 医学書/論文掲載レベル,# 指示書: CAR-T細胞療法【役割】免疫学イラストレーター【目的】遺伝子改変T細胞の攻撃機序【仕様】・視覚: 3D細胞レンダリング(6段階)・用語: 「T細胞活性化」(源ノ角/青)【出力】・解像度: 4K,# 指示書: ワクチン免疫応答【役割】感染症学スペシャリスト【目的】抗体産生の仕組み解説【仕様】・視覚: シェーマ風アニメ(4段階)・用語: 「免疫応答」(メイリオ/緑)【出力】・解像度: 300dpi,# 指示書: 手術シミュレーション【役割】外科解剖図制作者【目的】術式のステップ確認【仕様】・視覚: リアルな解剖図(5段階)・用語: 「切開ライン」(ヒラギノ/赤)【出力】・解像度: 4K,# 指示書: 診断フローチャート【役割】臨床検査技師【目的】確定診断までの手順【仕様】・視覚: フローチャート(7段階)・用語: 「バイオマーカー」(游ゴ/橙)【出力】・解像度: 300dpi,# 指示書: リハビリテーション【役割】理学療法士【目的】機能回復の推移【仕様】・視覚: 人体イラスト(3段階)・用語: 「回復段階」(筑紫/紫)【出力】・解像度: 4K,Nature準拠。,,,,,,,
28,技術/医療資料,P: データアナリストT: データチーム,データビジュアライズ,# 指示書: インサイトを発見するデータ可視化【役割】Tableau/PowerBIビジュアライゼーション専門家【目的】[データセット]から意味のある傾向を抽出・表現【グラフ仕様】・形式: [チャートタイプ]、配色は[パレット]で視認性確保・注釈: 発見された「[インサイト]」を[テキスト]で強調・スタイル: ノイズを排除したクリーンなデザイン【出力設定】・解像度: [指定]・背景: 白または淡いグレー,# 指示書: 売上相関分析【役割】マーケティングアナリスト【目的】要因と結果の関係特定【仕様】・形式: 散布図/青緑・注釈: 「強い正の相関」(源ノ角)【出力】・解像度: 4K,# 指示書: ユーザー行動【役割】UXリサーチャー【目的】クリック集中箇所の特定【仕様】・形式: ヒートマップ/赤黄・注釈: 「ホットスポット」(メイリオ)【出力】・解像度: 300dpi,# 指示書: トレンド分析【役割】トレンドウォッチャー【目的】流行の波を把握【仕様】・形式: 多層線グラフ/多色・注釈: 「ピーク時期」(ヒラギノ)【出力】・解像度: 4K,# 指示書: セグメント構成【役割】顧客分析官【目的】内訳の変化を可視化【仕様】・形式: 積上げ棒/グラデーション・注釈: 「シェア拡大」(游ゴシック)【出力】・解像度: 300dpi,# 指示書: 将来予測【役割】予測モデリング担当【目的】未来の範囲を提示【仕様】・形式: エリアチャート/紫青・注釈: 「予測範囲」(筑紫)【出力】・解像度: 4K,正確性確保。,,,,,,,
29,技術/医療資料,P: バイオ研究者T: 研究機関,研究図表作成,# 指示書: 学術論文クオリティの研究図表(Figure)【役割】サイエンティフィック・イラストレーター【目的】[実験]の結果を論文投稿用に整形【図表仕様】・タイプ: [タイプ]、スケール感は[スケール]で正確に・ラベル: 実験結果「[結果]」を[ラベル/フォント]で明示・基準: 科学的な厳密さと視認性を両立【出力設定】・解像度: [指定]・スタイル: モノクロまたはアクセントカラーのみ,# 指示書: 遺伝子編集(WB)【役割】分子生物学者【目的】タンパク質発現の証明【仕様】・タイプ: ウェスタンブロット/ナノ・ラベル: バンド結果(源ノ角)【出力】・解像度: 4K,# 指示書: 薬物動態(PK)【役割】薬理学者【目的】血中濃度推移の証明【仕様】・タイプ: PKカーブ/時間軸・ラベル: AUC値(メイリオ)【出力】・解像度: 300dpi,# 指示書: 細胞培養【役割】細胞生物学者【目的】形態変化の観察【仕様】・タイプ: 顕微鏡画像/ミクロ・ラベル: 増殖率(ヒラギノ)【出力】・解像度: 4K,# 指示書: 臨床生存率【役割】臨床統計家【目的】予後の改善証明【仕様】・タイプ: カプランマイヤー/年・ラベル: ハザード比(游ゴシック)【出力】・解像度: 300dpi,# 指示書: ゲノム解析【役割】ゲノム解析官【目的】変異箇所の特定【仕様】・タイプ: ヒートマップ/ゲノム・ラベル: 変異頻度(筑紫)【出力】・解像度: 4K,論文Figure高速化。,,,,,,,
30,技術/医療資料,P: ヘルスコーチT: ウェルネス企業,健康ガイドイラスト,# 指示書: 健康習慣を定着させるガイドイラスト【役割】ヘルスケア・コミュニケーションデザイナー【目的】[健康Tips]を親しみやすく解説【イラスト仕様】・被写体: [ボディ]を使用した[ステップ]段階の解説・説明: ポイント「[説明]」を[テキスト/フォント]で添える・トーン: ポジティブでモチベーションが上がる雰囲気【出力設定】・解像度: [指定]・スタイル: フラットイラストまたはソフト3D,# 指示書: ヨガポーズ解説【役割】ヨガインストラクター【目的】正しい姿勢の指導【仕様】・被写体: 美しいシルエット/4段階・説明: 「リラックス」(源ノ角)【出力】・解像度: 4K,# 指示書: 食事バランス【役割】管理栄養士【目的】理想的な配膳の指導【仕様】・被写体: プレート(お皿)/3分割・説明: 「栄養満点」(メイリオ)【出力】・解像度: 300dpi,# 指示書: 快眠メソッド【役割】睡眠コンサルタント【目的】入眠儀式の定着【仕様】・被写体: ベッドルーム/5段階・説明: 「質の高い眠り」(ヒラギノ)【出力】・解像度: 4K,# 指示書: ストレス解消【役割】心理カウンセラー【目的】マインドフルネス導入【仕様】・被写体: 瞑想する人物/2段階・説明: 「内なる平和」(游ゴシック)【出力】・解像度: 300dpi,# 指示書: 自宅エクササイズ【役割】パーソナルトレーナー【目的】運動不足解消【仕様】・被写体: アクティブな人物/6種・説明: 「活力チャージ」(筑紫)【出力】・解像度: 4K,ユーザー定着。,,,,,,,
31,エンタメ/クリエイティブ,P: 動画クリエイターT: 動画制作会社,ストーリーボード,# 指示書: 映像制作のための映画的ストーリーボード【役割】ハリウッド級コンセプトアーティスト【目的】[シーン]の映像構成とカメラワークを指示【ボード仕様】・構成: [フレーム数]コマの連続画・スタイル: [スタイル]、映画的な照明と構図・台詞: キーとなるセリフ「[セリフ]」を[フォント]で挿入【出力設定】・解像度: [指定]・アスペクト比: 16:9シネマスコープ,# 指示書: アクションシーン【役割】アクション監督【目的】スピード感の演出【仕様】・構成: 6コマ/ダイナミック・セリフ: 「突撃！」(源ノ角)・演出: モーションブラー【出力】・解像度: 4K,# 指示書: 感動のドラマ【役割】ドラマ演出家【目的】感情の機微を表現【仕様】・構成: 4コマ/エモーショナル・セリフ: 「永遠の愛」(メイリオ)・演出: クローズアップ【出力】・解像度: 300dpi,# 指示書: コメディ【役割】コメディ作家【目的】オチのタイミング設計【仕様】・構成: 8コマ/ユーモラス・セリフ: 「大失敗！」(ヒラギノ)・演出: 誇張した表情【出力】・解像度: 4K,# 指示書: SFミステリー【役割】SF映画監督【目的】未知への恐怖と好奇心【仕様】・構成: 5コマ/未来的・セリフ: 「宇宙の謎」(游ゴシック)・演出: ネオン照明【出力】・解像度: 300dpi,# 指示書: サスペンスホラー【役割】ホラー映画監督【目的】忍び寄る恐怖【仕様】・構成: 3コマ/サスペンス・セリフ: 「影の囁き」(筑紫)・演出: 強い陰影（キアロスクーロ）【出力】・解像度: 4K,Flow統合で動画連携。,,,,,,,
32,エンタメ/クリエイティブ,P: 漫画家アシスタントT: 出版業界,キャラクターターンアラウンド,# 指示書: 3面図・設定資料(ターンアラウンド)生成【役割】キャラクターデザイナー兼モデラー【目的】[キャラ]の全貌を立体化用に資料化【デザイン仕様】・構成: [角度数]方向からの視点（正面・横・背面等）・スタイル: [スタイル]で統一し、衣装・体格の整合性を保持・追加要素: 感情パターンを示す表情シートを追加【出力設定】・解像度: [指定]・背景: ニュートラルグレー、グリッド線入り,# 指示書: 熱血主人公【役割】少年漫画家【目的】主人公の造形決定【仕様】・構成: 8方向/アニメ塗り・追加: 喜怒哀楽3表情・特徴: 尖った髪、赤いマフラー【出力】・解像度: 4K,# 指示書: 冷酷なヴィラン【役割】ダークファンタジー作家【目的】敵役の威圧感表現【仕様】・構成: 6方向/ダーク調・追加: 冷笑・激怒2表情・特徴: 長身、黒いコート【出力】・解像度: 300dpi,# 指示書: 相棒（サイドキック）【役割】アメコミ作家【目的】親しみやすさの表現【仕様】・構成: 7方向/コミック調・追加: 驚き・笑い4表情・特徴: 丸いフォルム、ゴーグル【出力】・解像度: 4K,# 指示書: 学園のヒロイン【役割】少女漫画家【目的】可憐さと芯の強さ【仕様】・構成: 5方向/ロマンティック・追加: 涙・微笑1表情・特徴: 制服、ロングヘア【出力】・解像度: 300dpi,# 指示書: 賢者（エルダー）【役割】RPGデザイナー【目的】知恵と威厳の表現【仕様】・構成: 9方向/ファンタジー・追加: 詠唱・沈黙5表情・特徴: 杖、長い髭【出力】・解像度: 4K,連載効率化。,,,,,,,
33,エンタメ/クリエイティブ,P: ゲームデザイナーT: ゲームスタジオ,ゲームアセットコンセプト,# 指示書: ゲーム用アセットコンセプトアート【役割】AAAゲームタイトル・コンセプトアーティスト【目的】[アセット]のデザインバリエーションを提案【デザイン仕様】・バリエーション: [バリエーション]種の異なるデザイン案・テーマ: [テーマ]の世界観に合致・詳細: [詳細]の特徴的なディテールを描き込み【出力設定】・解像度: [指定]・スタイル: デジタルペイント、アセットシート形式,# 指示書: 伝説の剣【役割】武器デザイナー【目的】プレイヤー報酬の設計【仕様】・案: 5種/ハイファンタジー・詳細: 光るルーン文字・質感: 魔法金属【出力】・解像度: 4K,# 指示書: 中世の城塞【役割】環境アーティスト【目的】レベルデザインの基礎【仕様】・案: 4種/中世ヨーロッパ・詳細: 防御塔と城壁・質感: 古びた石材【出力】・解像度: 300dpi,# 指示書: 魔法エフェクト【役割】VFXアーティスト【目的】スキルの視覚効果【仕様】・案: 6種/元素魔法・詳細: 輝く粒子（パーティクル）・質感: 光とエネルギー【出力】・解像度: 4K,# 指示書: SF車両【役割】メカデザイナー【目的】移動手段のデザイン【仕様】・案: 3種/サイバーパンク・詳細: 反重力エンジン・質感: カーボンとネオン【出力】・解像度: 300dpi,# 指示書: 荒野のNPC【役割】キャラデザイナー【目的】モブキャラの多様性【仕様】・案: 7種/ポストアポカリプス・詳細: サバイバル装備・質感: 汚れと摩耗【出力】・解像度: 4K,プロトタイピング速。,,,,,,,
34,エンタメ/クリエイティブ,P: 広告クリエイターT: 広告代理店,キャンペーンストーリーボード,# 指示書: 広告キャンペーン用絵コンテ【役割】CMプランナー兼アートディレクター【目的】[ストーリー]の流れとブランドメッセージを可視化【コンテ仕様】・構成: [パネル数]枚のパネル構成・トランジション: [トランジション]による場面転換・ナレーション: 「[ナレーション]」をテキスト挿入・トーン: 視聴者の感情を動かすダイナミックな演出【出力設定】・解像度: [指定]・スタイル: プレゼン映えする高品質スケッチ,# 指示書: ブランド誕生【役割】ブランド戦略家【目的】起源の物語を語る【仕様】・構成: 9枚/スムーズ・ナレ: 「始まりの瞬間」・演出: 歴史的かつ感動的【出力】・解像度: 4K,# 指示書: 製品発見の旅【役割】クリエイティブディレクター【目的】出会いの衝撃を描く【仕様】・構成: 7枚/フェード・ナレ: 「発見の喜び」・演出: サプライズ【出力】・解像度: 300dpi,# 指示書: 課題解決【役割】ソリューション営業【目的】Before/Afterの提示【仕様】・構成: 5枚/カット切り替え・ナレ: 「解決の力」・演出: 爽快感【出力】・解像度: 4K,# 指示書: 未来ビジョン【役割】ビジョナリスト【目的】企業の未来像を提示【仕様】・構成: 10枚/ズームイン・ナレ: 「未来へ」・演出: 希望に満ちた【出力】・解像度: 300dpi,# 指示書: コミュニティ【役割】コミュニティマネージャー【目的】人々の絆を描く【仕様】・構成: 8枚/パン（横移動）・ナレ: 「つながり」・演出: 温かい群像劇【出力】・解像度: 4K,クライアント承認速。,,,,,,,
35,エンタメ/クリエイティブ,P: ミュージシャンT: 音楽レーベル,アルバムカバー,# 指示書: 音楽の世界観を凝縮したジャケットアート【役割】ミュージック・グラフィックアーティスト【目的】[アルバム]の音像を視覚的に翻訳【アートワーク仕様】・ムード: [ムード]な雰囲気、[要素]を象徴的に使用・タイポグラフィ: タイトル「[タイトル]」を[フォント/色]で配置・スタイル: ストリーミングサービスで映えるアートワーク風【出力設定】・解像度: [指定]・形式: 正方形（スクエア）,# 指示書: Echoes (アンビエント)【役割】電子音楽アーティスト【目的】残響と空間の表現【仕様】・ムード: ミステリアス/波・文字: 「Echoes」(源ノ角/ネオン青)【出力】・解像度: 4K,# 指示書: Rhythm (ダンス)【役割】クラブDJ【目的】躍動感と熱量【仕様】・ムード: エナジー/ビート・文字: 「Rhythm」(メイリオ/赤)【出力】・解像度: 300dpi,# 指示書: Harmony (アコースティック)【役割】フォークシンガー【目的】調和と自然【仕様】・ムード: ピースフル/音符・文字: 「Harmony」(ヒラギノ/緑)【出力】・解像度: 4K,# 指示書: Chaos (ロック)【役割】ロックバンド【目的】破壊と創造【仕様】・ムード: カオス/渦・文字: 「Chaos」(游ゴシック/黒)【出力】・解像度: 300dpi,# 指示書: Serenade (クラシック)【役割】ピアニスト【目的】夜想曲のロマン【仕様】・ムード: ロマンティック/星・文字: 「Serenade」(筑紫/金)【出力】・解像度: 4K,ストリーミング増。,,,,,,,
36,EC/商品画像,P: AmazonセラーT: ECストア,商品ページセット,# 指示書: Amazon売上を最大化する画像セット生成【役割】ECコンバージョン最適化(CRO)スペシャリスト【目的】[商品]の魅力と信頼性を伝える9枚の画像セット作成【セット仕様】・構成: メイン、ライフスタイル、詳細など[バリエーション]を網羅・照明: [照明]を使用し、商品の質感と立体感を強調・基準: Amazon商品画像ガイドライン（白背景、占有率等）に完全準拠【出力設定】・解像度: [指定]・一貫性: ブランドトーンの統一,# 指示書: ノイズキャンセリングヘッドホン【役割】オーディオ機器担当【目的】没入感を伝える【仕様】・構成: 装着シーン/機能図解・照明: 自然光（ライフスタイル）・基準: 白背景メイン画像含む【出力】・解像度: 4K,# 指示書: 多機能キッチンガジェット【役割】キッチン用品担当【目的】便利さを伝える【仕様】・構成: 調理例/分解図・照明: 明るいキッチン照明・基準: 白背景メイン画像含む【出力】・解像度: 300dpi,# 指示書: トレンドファッション【役割】アパレル担当【目的】着心地とスタイルを伝える【仕様】・構成: モデル着用/生地アップ・照明: スタジオライティング・基準: 白背景メイン画像含む【出力】・解像度: 4K,# 指示書: ベストセラー書籍【役割】出版担当【目的】読書体験を伝える【仕様】・構成: 読書シーン/目次抜粋・照明: 読書灯の暖色光・基準: 白背景メイン画像含む【出力】・解像度: 300dpi,# 指示書: ハイテクガジェット【役割】電化製品担当【目的】性能差を伝える【仕様】・構成: スペック比較/ポート類・照明: クールなテック照明・基準: 白背景メイン画像含む【出力】・解像度: 4K,GMV420%増。,,,,,,,
37,EC/商品画像,P: ShopifyオーナーT: オンラインショップ,カスタム商品ビジュアル,# 指示書: パーソナライズ体験の可視化【役割】カスタムオーダー・シミュレーター【目的】[カスタム商品]の名入れイメージをリアルに生成【生成仕様】・カスタマイズ: [パーソナライズ]設定で、「[名前]」を自然に合成・背景: [背景]を使用し、使用シーンを想起させる・リアリティ: 素材の質感や印刷の馴染み具合を再現【出力設定】・解像度: [指定]・品質: 顧客への送付プレビュー用高品質,# 指示書: オリジナルTシャツ【役割】アパレルプリンター【目的】プリント仕上がり確認【仕様】・カスタム: 「John Doe」・背景: 白背景（商品単体）・質感: コットンの風合い【出力】・解像度: 4K,# 指示書: 名前入りマグカップ【役割】ギフトショップ店長【目的】プレゼントのイメージ【仕様】・カスタム: 「Happy Birthday」・背景: 朝食テーブル・質感: 陶器の光沢【出力】・解像度: 300dpi,# 指示書: アートポスター【役割】インテリアデコレーター【目的】部屋の雰囲気確認【仕様】・カスタム: 「Custom Art」・背景: リビングの壁・質感: マット紙と額縁【出力】・解像度: 4K,# 指示書: 旅行バッグ【役割】トラベルグッズ担当【目的】旅の相棒感【仕様】・カスタム: 「Travel Pro」・背景: 空港やストリート・質感: 丈夫なキャンバス【出力】・解像度: 300dpi,# 指示書: 刻印ジュエリー【役割】ジュエラー【目的】特別な想いの表現【仕様】・カスタム: 「Eternal Love」・背景: 首元（着用イメージ）・質感: 金属の輝き【出力】・解像度: 4K,変換率向上。,,,,,,,
38,EC/商品画像,P: マーケットプレイスセラーT: マーケットプレイス,インフォグラフィック商品説明,# 指示書: 購買決定を促す商品スペック図解【役割】テクニカル・マーケティングデザイナー【目的】[商品スペック]の優位性を視覚的に解説【デザイン仕様】・レイアウト: [レイアウト]配置で情報を整理・アイコン: [アイコン]を使用して特徴を直感的に伝達・テキスト: 「[利点]」を可読性の高いフォントで正確に記述【出力設定】・解像度: [指定]・スタイル: クリーンで信頼感のあるインフォグラフィック,# 指示書: デジタルカメラ【役割】カメラ専門販売員【目的】画質の良さを強調【仕様】・レイアウト: 縦長（スマホ最適）・アイコン: レンズ/画素数・テキスト: 「高解像度」【出力】・解像度: 4K,# 指示書: フィットネストラッカー【役割】ヘルスケア担当【目的】健康管理機能を強調【仕様】・レイアウト: 横長（PC最適）・アイコン: 心拍/歩数・テキスト: 「正確測定」【出力】・解像度: 300dpi,# 指示書: メカニカルキーボード【役割】ゲーミングデバイス担当【目的】打鍵感と耐久性【仕様】・レイアウト: グリッド・アイコン: キースイッチ・テキスト: 「高耐久性」【出力】・解像度: 4K,# 指示書: 高機能ヘアドライヤー【役割】美容家電担当【目的】髪への優しさと速さ【仕様】・レイアウト: ステップフロー・アイコン: 風量/イオン・テキスト: 「速乾・潤い」【出力】・解像度: 300dpi,# 指示書: ワイヤレス充電器【役割】スマホアクセサリ担当【目的】充電スピード【仕様】・レイアウト: 円形集中・アイコン: 雷マーク・テキスト: 「高速充電」【出力】・解像度: 4K,レビュー増。,,,,,,,
39,EC/商品画像,P: インポーターT: 輸入業者,輸入商品シーン生成,# 指示書: 異国情緒あふれる輸入商品シーン【役割】ワールド・トラベル・フォトグラファー【目的】[輸入品]の産地の空気感と魅力を伝える【シーン仕様】・文化背景: [文化]的な要素を取り入れたセット組み・照明: 現地の気候を感じさせる[照明]・ラベル: [ラベル多言語]を違和感なく商品に適用【出力設定】・解像度: [指定]・雰囲気: オーセンティック（本物志向）,# 指示書: イタリア産ワイン【役割】ソムリエ【目的】トスカーナの夕暮れ【仕様】・文化: 地中海風テラス・照明: 夕陽の暖色光・ラベル: 伊語ラベル【出力】・解像度: 4K,# 指示書: フランス産チーズ【役割】美食家【目的】パリのビストロ【仕様】・文化: パリの街角・照明: 暖かい室内灯・ラベル: 仏語ラベル【出力】・解像度: 300dpi,# 指示書: 日本茶（輸出用）【役割】茶師【目的】禅の精神【仕様】・文化: 畳と掛け軸・照明: 障子越しの自然光・ラベル: 英語併記ラベル【出力】・解像度: 4K,# 指示書: インドスパイス【役割】スパイス商【目的】市場の熱気【仕様】・文化: カラフルな市場・照明: 鮮やかな直射日光・ラベル: 英語/ヒンディー【出力】・解像度: 300dpi,# 指示書: メキシカンチョコ【役割】菓子バイヤー【目的】祭りの賑わい【仕様】・文化: 死者の祭り風・照明: カラフルな装飾光・ラベル: 西語ラベル【出力】・解像度: 4K,クロスボーダー売上。,,,,,,,
40,EC/商品画像,P: ドロップシッパーT: ドロップシッピング,A/Bテスト画像バリエーション,# 指示書: 勝てるクリエイティブを探るA/Bテスト生成【役割】グロースハッカー【目的】[商品]の最もクリックされる見せ方を検証【生成仕様】・バリエーション: [5種]の[違い]（背景、アングル等）を展開・変更点: [背景/ポーズ]を意図的に変化させ比較・一貫性: 商品自体の形状・色は厳密に保持【出力設定】・解像度: [指定]・目的: CTR（クリック率）の比較検証,# 指示書: アクセサリー【役割】ジュエリーマーケター【目的】背景色の影響検証【仕様】・違い: 背景色（白/黒/肌/自然/抽象）・変更: モデルポーズ維持【出力】・解像度: 4K,# 指示書: ホームデコ【役割】インテリア担当【目的】照明の影響検証【仕様】・違い: 照明（朝/昼/夕/夜/スタジオ）・変更: 商品配置維持【出力】・解像度: 300dpi,# 指示書: ガジェット【役割】テック担当【目的】アングルの影響検証【仕様】・違い: 角度（正面/斜め/俯瞰/あおり/裏）・変更: 背景白維持【出力】・解像度: 4K,# 指示書: ファッション【役割】アパレル担当【目的】カラー展開の反応検証【仕様】・違い: 商品色（赤/青/黒/白/黄）・変更: モデルポーズ維持【出力】・解像度: 300dpi,# 指示書: キッチン用品【役割】雑貨担当【目的】使用シーンの反応検証【仕様】・違い: シーン（調理中/配置/洗浄/収納/食事）・変更: 商品維持【出力】・解像度: 4K,最適化で売上16%増。,,,,,,,
41,医療/技術図解,P: 医師T: クリニック,患者説明イラスト,# 指示書: 患者の不安を取り除く説明用イラスト【役割】メディカル・コミュニケーター【目的】[症状]と対策を患者に優しく分かりやすく説明【イラスト仕様】・対象: [ボディ]部位のイラスト、[ステップ]段階で解説・テキスト: 治療法「[治療]」を[フォント]で簡潔に記載・トーン: 安心感を与える柔らかい色使いとタッチ【出力設定】・解像度: [指定]・スタイル: 清潔感のあるメディカルイラスト,# 指示書: 緊張型頭痛【役割】神経内科医【目的】痛みの緩和指導【仕様】・対象: 頭部・首筋/3段階・治療: 「鎮痛剤・マッサージ」(源ノ角)【出力】・解像度: 4K,# 指示書: 胃痛・胃炎【役割】消化器内科医【目的】食事指導【仕様】・対象: 腹部・胃/4段階・治療: 「食事療法」(メイリオ)【出力】・解像度: 300dpi,# 指示書: 乾燥肌・湿疹【役割】皮膚科医【目的】スキンケア指導【仕様】・対象: 皮膚断面/2段階・治療: 「保湿ケア」(ヒラギノ)【出力】・解像度: 4K,# 指示書: 関節痛【役割】整形外科医【目的】リハビリ指導【仕様】・対象: 膝関節/5段階・治療: 「適度な運動」(游ゴシック)【出力】・解像度: 300dpi,# 指示書: 慢性疲労【役割】一般内科医【目的】生活習慣指導【仕様】・対象: 全身シルエット/1段階・治療: 「十分な休息」(筑紫)【出力】・解像度: 4K,説明時間短縮。,,,,,,,
42,医療/技術図解,P: 看護師T: 病院,ケアプロトコル図,# 指示書: 医療現場のミスを防ぐケアプロトコル図【役割】医療安全管理者【目的】[ケア]の手順を緊急時でも直感的に理解可能にする【図解仕様】・形式: [フローチャート]、重要度は[色]で識別・ステップ: 手順を[番号]と[フォント]で明確に順序付け・機能: 緊急対応時の視認性を最優先【出力設定】・解像度: [指定]・スタイル: ハイコントラスト、ユニバーサルデザイン,# 指示書: 心停止救命(ACLS)【役割】救急救命士【目的】蘇生手順の提示【仕様】・形式: フローチャート/赤・番号: 1〜5 (源ノ角)・機能: 緊急最優先【出力】・解像度: 4K,# 指示書: 感染予防策【役割】感染管理認定看護師【目的】標準予防策の徹底【仕様】・形式: ツリー構造/緑・番号: 1〜4 (メイリオ)・機能: 手順確認【出力】・解像度: 300dpi,# 指示書: 褥瘡(床ずれ)ケア【役割】皮膚排泄ケア認定看護師【目的】処置手順の統一【仕様】・形式: ステップ図/青・番号: 1〜6 (ヒラギノ)・機能: 状態別対応【出力】・解像度: 4K,# 指示書: 投薬管理【役割】病棟看護師【目的】誤薬防止【仕様】・形式: チェックリスト/橙・番号: 1〜3 (游ゴシック)・機能: ダブルチェック【出力】・解像度: 300dpi,# 指示書: バイタルモニタリング【役割】ICU看護師【目的】急変兆候の察知【仕様】・形式: ダッシュボード/紫・番号: 1〜7 (筑紫)・機能: 閾値管理【出力】・解像度: 4K,ミス低減。,,,,,,,
43,医療/技術図解,P: 研究コーディネーターT: 臨床試験チーム,臨床試験フロー,# 指示書: 規制準拠の臨床試験フローチャート【役割】治験コーディネーター(CRC)【目的】[試験]の厳格なプロセスとタイムラインを可視化【フロー仕様】・構造: [タイムライン]上にマイルストーンとなる[マーカー]を配置・フェーズ: 各段階「[フェーズ]」を[ラベル/フォント]で定義・基準: GCP（医薬品の臨床試験の実施の基準）等の規制準拠【出力設定】・解像度: [指定]・スタイル: フォーマルなドキュメントスタイル,# 指示書: Phase II試験【役割】臨床開発モニター【目的】有効性・安全性の探索【仕様】・構造: タイムライン/マイルストーン・ラベル: 第II相(源ノ角)【出力】・解像度: 4K,# 指示書: Phase III試験【役割】プロジェクトマネージャー【目的】既存薬との比較検証【仕様】・構造: Gantt/チェック・ラベル: 第III相(メイリオ)【出力】・解像度: 300dpi,# 指示書: バイオ等価性試験【役割】ジェネリック開発担当【目的】同等性の証明【仕様】・構造: シーケンス/矢印・ラベル: BE試験(ヒラギノ)【出力】・解像度: 4K,# 指示書: 安全性薬理試験【役割】非臨床研究者【目的】副作用リスク評価【仕様】・構造: サイクル/警告・ラベル: GLP試験(游ゴシック)【出力】・解像度: 300dpi,# 指示書: 効力裏付け試験【役割】薬事申請担当【目的】薬効の科学的証明【仕様】・構造: パス/成功・ラベル: 薬効薬理(筑紫)【出力】・解像度: 4K,FDA準拠。,,,,,,,
44,医療/技術図解,P: 健康アプリ開発者T: ヘルステック企業,健康トラッキングUI,# 指示書: 継続率を高めるヘルスケアアプリUI【役割】ヘルスケアUI/UXデザイナー【目的】[トラック]データをユーザーに分かりやすくフィードバック【UI仕様】・表示形式: [ダッシュ]ボード形式で[メトリクス]単位のデータを表示・可視化: [グラフ]と[フォント]を用いて直感的に推移を伝達・UX: ユーザーフレンドリーで、達成感を感じさせるデザイン【出力設定】・解像度: [指定]・モード: ライトモードまたはダークモード,# 指示書: 歩数トラッキング【役割】ウォーキングアプリ担当【目的】毎日の歩行習慣化【仕様】・表示: ダッシュ/日次・可視化: 棒グラフ(源ノ角)【出力】・解像度: 4K,# 指示書: 心拍数モニター【役割】ウェアラブル担当【目的】負荷状況の把握【仕様】・表示: リアルタイム/分・可視化: 波形グラフ(メイリオ)【出力】・解像度: 300dpi,# 指示書: 睡眠分析【役割】スリープテック担当【目的】睡眠質の向上【仕様】・表示: サマリー/週次・可視化: ドーナツグラフ(ヒラギノ)【出力】・解像度: 4K,# 指示書: カロリー管理【役割】ダイエットアプリ担当【目的】摂取・消費の収支【仕様】・表示: ログ/月次・可視化: 積み上げ棒(游ゴシック)【出力】・解像度: 300dpi,# 指示書: ストレスチェック【役割】メンタルケア担当【目的】メンタル状態の可視化【仕様】・表示: スコア/日次・可視化: ゲージ(メーター)(筑紫)【出力】・解像度: 4K,ユーザーエンゲージ。,,,,,,,
45,医療/技術図解,P: 製薬セールスT: 製薬営業,薬効メカニズム図,# 指示書: 医師を説得する薬効メカニズム図【役割】MR（医薬情報担当者）サポートデザイナー【目的】[薬]の作用機序(MoA)を科学的かつ魅力的に図解【図解仕様】・パスウェイ: [パスウェイ]の流れを[色]で表現・効果: 「[効果]」を[注釈/フォント]で強調し、ベネフィットを訴求・説得力: エビデンスに基づいた信頼性の高いビジュアル【出力設定】・解像度: [指定]・スタイル: 3D分子モデルを取り入れたハイエンド図解,# 指示書: 抗がん剤(分子標的)【役割】オンコロジーMR【目的】腫瘍増殖シグナルの遮断【仕様】・パス: シグナル伝達/青赤・効果: 「腫瘍縮小」(源ノ角)【出力】・解像度: 4K,# 指示書: 降圧剤【役割】循環器MR【目的】血管拡張作用の解説【仕様】・パス: 血管平滑筋/緑・効果: 「血圧低下」(メイリオ)【出力】・解像度: 300dpi,# 指示書: 抗炎症薬(NSAIDs)【役割】整形外科MR【目的】炎症物質の抑制【仕様】・パス: アラキドン酸/橙・効果: 「炎症抑制」(ヒラギノ)【出力】・解像度: 4K,# 指示書: 抗うつ薬(SSRI)【役割】精神科MR【目的】セロトニンの再取り込み阻害【仕様】・パス: 神経シナプス/紫・効果: 「気分改善」(游ゴシック)【出力】・解像度: 300dpi,# 指示書: 免疫チェックポイント【役割】免疫療法MR【目的】免疫逃避の解除【仕様】・パス: 細胞間相互作用/多色・効果: 「免疫賦活」(筑紫)【出力】・解像度: 4K,営業成約率高。,,,,,,,
46,社内コミュニケーション,P: HRマネージャーT: 人事部,社内ニュースレター,# 指示書: 読まれる社内ニュースレター作成【役割】インターナル・コミュニケーション編集長【目的】[ニュース]を魅力的に伝え、社内の結束を高める【レター仕様】・レイアウト: [レイアウト]配置で、メインビジュアルは[画像]・ヘッドライン: 「[ヘッドライン]」を[フォント/色]でキャッチーに・エンゲージメント: ポジティブで読みたくなるデザイン【出力設定】・解像度: [指定]・形式: A4ニュースレター形式,# 指示書: 昇進・人事異動【役割】人事部長【目的】新体制の周知と祝福【仕様】・レイアウト: グリッド・見出し: 「新リーダー誕生」(源ノ角/青)【出力】・解像度: 4K,# 指示書: 社内イベント【役割】イベント実行委員【目的】参加報告と共有【仕様】・レイアウト: リスト・見出し: 「チームビルド」(メイリオ/緑)【出力】・解像度: 300dpi,# 指示書: 福利厚生アップデート【役割】労務担当【目的】新制度の利用促進【仕様】・レイアウト: カラム・見出し: 「新福利厚生」(ヒラギノ/橙)【出力】・解像度: 4K,# 指示書: 四半期業績報告【役割】経営企画【目的】成果の共有と感謝【仕様】・レイアウト: インフォグラフィック・見出し: 「記録更新」(游ゴシック/金)【出力】・解像度: 300dpi,# 指示書: 企業文化コラム【役割】カルチャー推進室【目的】価値観の浸透【仕様】・レイアウト: ナラティブ（記事風）・見出し: 「多様性」(筑紫/紫)【出力】・解像度: 4K,社内結束。,,,,,,,
47,社内コミュニケーション,P: 社内報編集者T: 広報チーム,社員ストーリーイラスト,# 指示書: 社員が主役のストーリーイラスト【役割】エディトリアル・イラストレーター【目的】[ストーリー]を感動的に描き、ロールモデルを示す【イラスト仕様】・スタイル: [スタイル]で、[要素]を背景に取り入れる・引用: 本人の言葉「[引用]」を[バルーン/フォント]で配置・効果: 共感とインスピレーションを与える【出力設定】・解像度: [指定]・トーン: 温かみのあるポートレート風,# 指示書: 成功・受賞【役割】MVP表彰担当【目的】努力の成果を称える【仕様】・スタイル: アメコミ風・引用: 「夢実現」(バルーン/源ノ角)【出力】・解像度: 4K,# 指示書: ボランティア活動【役割】CSR担当【目的】社会貢献の誇り【仕様】・スタイル: リアルな水彩風・引用: 「貢献の喜び」(バルーン/メイリオ)【出力】・解像度: 300dpi,# 指示書: イノベーション【役割】R&D広報【目的】発明の瞬間【仕様】・スタイル: 未来的デジタルアート・引用: 「ブレークスルー」(バルーン/ヒラギノ)【出力】・解像度: 4K,# 指示書: ワークライフバランス【役割】働き方改革担当【目的】私生活の充実【仕様】・スタイル: ほのぼの日常風・引用: 「調和」(バルーン/游ゴシック)【出力】・解像度: 300dpi,# 指示書: メンターシップ【役割】人材育成担当【目的】師弟の絆【仕様】・スタイル: 信頼感あるスケッチ・引用: 「成長共有」(バルーン/筑紫)【出力】・解像度: 4K,モラール向上[post:48]。,,,,,,,
48,社内コミュニケーション,P: チームリーダーT: チーム,ミーティングアジェンダ,# 指示書: 会議効率を最大化するアジェンダビジュアル【役割】ファシリテーション・デザイナー【目的】[アジェンダ]を視覚化し、議論の方向性を明確化【ビジュアル仕様】・構成: [タイムテーブル]形式、各項目に[アイコン]付与・トピック: [トピック]数の議題を[色/フォント]で整理・機能: 進行管理とゴール共有をスムーズにする【出力設定】・解像度: [指定]・スタイル: ビジネスライクかつクリーン,# 指示書: 戦略会議【役割】戦略プランナー【目的】重要決定の進行【仕様】・構成: 時間軸/時計・議題: 3つ(青/源ノ角)【出力】・解像度: 4K,# 指示書: プロジェクトレビュー【役割】PM【目的】振り返りと改善【仕様】・構成: リスト/チェック・議題: 4つ(緑/メイリオ)【出力】・解像度: 300dpi,# 指示書: ブレインストーミング【役割】アイデアマン【目的】発散と創造【仕様】・構成: マインドマップ/電球・議題: 5つ(橙/ヒラギノ)【出力】・解像度: 4K,# 指示書: スキルトレーニング【役割】教育係【目的】習得項目の確認【仕様】・構成: ステップ/本・議題: 2つ(紫/游ゴシック)【出力】・解像度: 300dpi,# 指示書: 360度フィードバック【役割】HRBP【目的】多面的な評価【仕様】・構成: サークル/吹き出し・議題: 6つ(赤/筑紫)【出力】・解像度: 4K,時間短縮。,,,,,,,
49,社内コミュニケーション,P: 福利厚生担当T: 福利厚生チーム,福利厚生ガイド,# 指示書: 利用率を上げる福利厚生ガイド【役割】ベネフィット・コンサルタント【目的】[福利]の内容を分かりやすく魅力的に案内【ガイド仕様】・形式: [インフォ]グラフィックに[イラスト]を添えて親しみやすく・詳細: 条件やメリットの[詳細]を[箇点/フォント]で整理・効果: 制度利用への心理的ハードルを下げる【出力設定】・解像度: [指定]・トーン: ウェルビーイング（幸福・健康）,# 指示書: 健康保険組合【役割】健保担当【目的】保障内容の理解【仕様】・形式: インフォ/医療イラスト・詳細: カバレッジ(源ノ角)【出力】・解像度: 4K,# 指示書: 年次有給休暇【役割】人事担当【目的】休暇取得の奨励【仕様】・形式: インフォ/ビーチ・詳細: 取得ルール(メイリオ)【出力】・解像度: 300dpi,# 指示書: リモートワーク手当【役割】総務担当【目的】在宅環境の整備【仕様】・形式: インフォ/ホームオフィス・詳細: ガイドライン(ヒラギノ)【出力】・解像度: 4K,# 指示書: 自己啓発支援【役割】教育担当【目的】学習支援の活用【仕様】・形式: インフォ/書籍・詳細: 申請方法(游ゴシック)【出力】・解像度: 300dpi,# 指示書: ジム・フィットネス補助【役割】健康経営担当【目的】運動習慣の支援【仕様】・形式: インフォ/ダンベル・詳細: 会員特典(筑紫)【出力】・解像度: 4K,満足度向上。,,,,,,,
50,社内コミュニケーション,P: 危機管理担当T: 危機管理チーム,緊急プロトコルポスター,# 指示書: 命を守る緊急時対応ポスター【役割】リスク・コミュニケーション専門家【目的】[緊急事態]発生時の行動指針を瞬時に伝達【ポスター仕様】・プロセス: [ステップ]段階の行動を[視覚]アイコンで図解・指示: 「[指示]」を[ボールド/フォント]で大きく警告・視認性: パニック時でも読み取れるユニバーサルデザイン【出力設定】・解像度: [指定]・配色: 警告色（赤・黄・黒）を効果的に使用,# 指示書: 火災発生時【役割】防災管理者【目的】迅速な避難誘導【仕様】・プロセス: 5段階/炎アイコン・指示: 「避難せよ」(源ノ角/太字)【出力】・解像度: 4K,# 指示書: 大地震発生時【役割】BCP担当【目的】身の安全確保【仕様】・プロセス: 4段階/揺れアイコン・指示: 「身を守れ」(メイリオ/太字)【出力】・解像度: 300dpi,# 指示書: サイバー攻撃検知【役割】CISO（情報セキュリティ責任者）【目的】被害拡大防止【仕様】・プロセス: 6段階/ハッキング・指示: 「報告・切断」(ヒラギノ/太字)【出力】・解像度: 4K,# 指示書: パンデミック対応【役割】衛生管理者【目的】感染拡大防止【仕様】・プロセス: 3段階/マスク・指示: 「隔離・連絡」(游ゴシック/太字)【出力】・解像度: 300dpi,# 指示書: 大規模停電【役割】ファシリティマネージャー【目的】安全確保と復旧【仕様】・プロセス: 7段階/暗闇・ライト・指示: 「照明確保」(筑紫/太字)【出力】・解像度: 4K,対応速度向上。,,,,,,,
,,,,,,,,,,,,,,,,,
,,みんなどんどん追記していただけたら嬉しいな〜,,,,,,,,,,,,,,,
,,,,,,,,,,,,,,,,,
51,リモートワーク,P: 営業担当T: クライアント,ブランド仮想背景,# 指示書: 信頼を勝ち取るオンライン商談用背景【役割】インテリアコーディネーター兼空間デザイナー【目的】[自社イメージ]を表現し、オンライン会議での信頼感を醸成する【空間設計】・スタイル: [スタイル]なオフィス空間・ロゴ配置: 「[企業ロゴ/名]」を[位置]に自然なサインとして配置・被写界深度: 人物を際立たせるため背景を[ぼかし具合]に設定・照明: 顔色が良く見えるソフトなスタジオライティング【出力設定】・解像度: 1920x1080 (Web会議最適化)・アスペクト比: 16:9,# 指示書: 信頼を勝ち取るオンライン商談用背景【役割】インテリアコーディネーター兼空間デザイナー【目的】IT企業の先進性と清潔感を表現し、オンライン会議での信頼感を醸成する【空間設計】・スタイル: 白とガラスを基調としたモダンミニマルなオフィス空間・ロゴ配置: 「CloudSolutions」のロゴを背後の擦りガラスに自然なサインとして配置・被写界深度: 人物を際立たせるため背景を軽度のボケ味（f/2.8相当）に設定・照明: 自然光を取り入れた明るくソフトなライティング【出力設定】・解像度: 1920x1080,# 指示書: 信頼を勝ち取るオンライン商談用背景【役割】インテリアコーディネーター兼空間デザイナー【目的】法律事務所の威厳と安心感を表現する【空間設計】・スタイル: 重厚な木製本棚と観葉植物があるクラシックで落ち着いた書斎・ロゴ配置: 「Global Law Firm」のプレートを右上の棚に控えめに配置・被写界深度: 背景を中程度のボケ味（f/4.0相当）に設定・照明: 暖色系の落ち着いた間接照明【出力設定】・解像度: 1920x1080,,,,商談成約率UP。アイスブレイクに有効。,,,,,,,
52,ブランディング,P: 起業家/フリーランスT: SNSフォロワー,AIプロフィール写真,# 指示書: パーソナルブランドを高めるAIヘッドショット【役割】ポートレート写真界の巨匠【目的】[職業/属性]としての信頼感とカリスマ性を表現するプロフィール写真生成【撮影指示】・被写体: [年齢/性別]、[表情]な表情、視線はカメラ目線・服装: [服装]スタイル・背景: [背景]、被写体を引き立てるボケ味・機材設定: 85mm中望遠レンズ、絞りf/1.8、[照明]ライティング【出力設定】・解像度: 4K・スタイル: 超高精細フォトリアル,# 指示書: パーソナルブランドを高めるAIヘッドショット【役割】ポートレート写真界の巨匠【目的】テック系スタートアップCEOとしての革新性と自信を表現する【撮影指示】・被写体: 30代男性アジア系、自信に満ちた知的な微笑み、カメラ目線・服装: クリーンなネイビーのTシャツにグレーのジャケット（スマートカジュアル）・背景: シリコンバレー風の明るいオフィス、強くぼかす・機材設定: 85mmレンズ、f/1.8、レンブラントライティングで立体感を演出【出力設定】・解像度: 4K・スタイル: 超高精細フォトリアル,# 指示書: パーソナルブランドを高めるAIヘッドショット【役割】ポートレート写真界の巨匠【目的】フリーランスデザイナーとしての親しみやすさとセンスを表現する【撮影指示】・被写体: 20代女性、クリエイティブで自然な笑顔、カメラ目線・服装: パステルカラーのニット、アクセサリーはミニマルに・背景: おしゃれなカフェの窓際、自然光・機材設定: 85mmレンズ、f/1.8、柔らかい自然光（ソフトライト）【出力設定】・解像度: 4K・スタイル: 超高精細フォトリアル,,,,撮影コストゼロ。LinkedIn反応率増。,,,,,,,
53,企画/UX,P: UXデザイナーT: 開発チーム,カスタマージャーニーマップ,# 指示書: 顧客体験を俯瞰するジャーニーマップ【役割】UXリサーチ・ビジュアライザー【目的】[サービス]におけるユーザーの感情と行動の起伏を可視化する【マップ仕様】・構造: 横軸に時間（認知〜購入〜推奨）、縦軸に感情曲線を配置・スタイル: [スタイル]なイラストレーション・要素: 各タッチポイントを[アイコン種]アイコンで表現・ハイライト: 「[課題/機会]」のポイントを強調表示【出力設定】・解像度: 4K (ワイド)・トーン: クリーンで見やすいUIデザイン調,# 指示書: 顧客体験を俯瞰するジャーニーマップ【役割】UXリサーチ・ビジュアライザー【目的】ECアプリにおける購入までの離脱ポイントを可視化する【マップ仕様】・構造: 左から右へのタイムライン（検索→比較→カート→決済）と感情の波・スタイル: フラットデザインのインフォグラフィック・要素: スマホ操作を示すシンプルなラインアイコン・ハイライト: 「決済入力の煩雑さ」による感情低下を赤色で強調【出力設定】・解像度: 4K (ワイド)・トーン: 青と白を基調とした信頼感ある配色,# 指示書: 顧客体験を俯瞰するジャーニーマップ【役割】UXリサーチ・ビジュアライザー【目的】ホテル宿泊体験における感動ポイントを可視化する【マップ仕様】・構造: チェックインからチェックアウトまでの体験フローと満足度曲線・スタイル: 手書きスケッチ風の温かいイラスト・要素: 鍵、ベッド、食事などの具象的なアイコン・ハイライト: 「サプライズギフト」による感情のピークを黄色で強調【出力設定】・解像度: 4K (ワイド)・トーン: 暖色系のホスピタリティ溢れる配色,,,,チーム認識統一。UX改善点発見。,,,,,,,
54,戦略/分析,P: 経営企画T: 役員会議,SWOT分析ビジュアル,"# 指示書: 戦略立案のためのSWOT分析図【役割】戦略コンサルティング資料作成のプロ【目的】[事業/製品]の現状分析を4象限で直感的に示す【図解仕様】・レイアウト: 2x2のグリッドマトリクス（Strengths, Weaknesses, Opportunities, Threats）・アイコン: 各象限の意味を象徴する[アイコンスタイル]アイコンを配置・配色: [配色テーマ]でポジティブ/ネガティブ要素を識別・テキスト: 各見出しを[フォント]で明記（詳細テキストはプレースホルダー）【出力設定】・解像度: 4K・スタイル: プレゼンテーションスライド向け",# 指示書: 戦略立案のためのSWOT分析図【役割】戦略コンサルティング資料作成のプロ【目的】新規AI事業の市場機会と脅威を分析する【図解仕様】・レイアウト: クリーンな2x2マトリクス・アイコン: 強み(力こぶ)、弱み(亀裂)、機会(扉)、脅威(雷)のミニマルアイコン・配色: 強み/機会は青・緑、弱み/脅威は赤・灰のコーポレートカラー・テキスト: 見出しを「源ノ角ゴシック」で配置【出力設定】・解像度: 4K・スタイル: マッキンゼー流のシンプルモダン,# 指示書: 戦略立案のためのSWOT分析図【役割】戦略コンサルティング資料作成のプロ【目的】カフェチェーンの競合分析を行う【図解仕様】・レイアウト: 黒板風の背景にチョークアート風の2x2グリッド・アイコン: コーヒー豆やカップを使った手書き風アイコン・配色: カフェらしいブラウン、ベージュ、深緑・テキスト: 見出しを「手書き風フォント」で配置【出力設定】・解像度: 4K・スタイル: カジュアルで親しみやすいデザイン,,,,会議の議論活性化。現状把握の高速化。,,,,,,,
55,アプリ開発,P: プロダクトオーナーT: AppStore,アプリアイコン生成,# 指示書: DL数を伸ばすアプリアイコン生成【役割】iOS/Androidアイコンデザイナー【目的】[アプリ機能]を表す、視認性が高くクリックしたくなるアイコン作成【デザイン仕様】・モチーフ: [モチーフ]をシンプルに図案化・スタイル: [スタイル]（例: ニューモーフィズム、フラット、3D）・カラー: [メインカラー]を基調としたグラデーション・形状: 角丸四角形（Squircle）のガイドライン準拠【出力設定】・解像度: 1024x1024・品質: ベクターライクな高精細ラスタ,# 指示書: DL数を伸ばすアプリアイコン生成【役割】iOS/Androidアイコンデザイナー【目的】タスク管理アプリの「シンプルでサクサク進む」イメージを表現【デザイン仕様】・モチーフ: 抽象化されたチェックマークと上昇するライン・スタイル: 鮮やかなグラデーションを用いた3Dグラスモーフィズム（ガラス質感）・カラー: エレクトリックブルーからパープルへのグラデーション・形状: iOS準拠の角丸四角形【出力設定】・解像度: 1024x1024・品質: 立体的で透明感のある高品質デザイン,# 指示書: DL数を伸ばすアプリアイコン生成【役割】iOS/Androidアイコンデザイナー【目的】瞑想・睡眠アプリの「深いリラックス」を表現【デザイン仕様】・モチーフ: 三日月と雲の重なり・スタイル: フラットデザイン、マットな質感、余白重視・カラー: 深夜のネイビーブルーと淡いクリーム色・形状: Android準拠の円形または角丸【出力設定】・解像度: 1024x1024・品質: 落ち着きと静寂を感じさせるデザイン,,,,MVP開発加速。ストア見栄え向上。,,,,,,,
56,イベント/販促,P: イベント担当T: 展示会来場者,展示会ブースイメージ,# 指示書: 集客力を最大化する展示会ブースパース【役割】空間ディスプレイデザイナー【目的】[出展テーマ]を訴求する展示ブースの施工イメージを作成【空間仕様】・規模: [ブースサイズ]（例: 3m x 3m 1小間）・構成: メインのバックパネルに「[キャッチコピー]」、受付カウンター、製品展示台・デザイン: [ブランドカラー]を基調とした[雰囲気]な空間・照明: 製品を際立たせるスポットライト演出【出力設定】・解像度: 4K・視点: 通路からのアイレベル（人の目線）,# 指示書: 集客力を最大化する展示会ブースパース【役割】空間ディスプレイデザイナー【目的】製造業向けAIソリューションの「技術力と未来」を訴求する【空間仕様】・規模: 6m x 3m (2小間)・構成: 壁面に巨大なLEDモニター、中央にデモPCカウンター、上部に吊り看板・デザイン: 青と白を基調とした未来的でクリーンなテックデザイン・照明: 青色のLEDライン照明と明るいスポットライト【出力設定】・解像度: 4K・視点: 斜め45度からの鳥瞰図および正面アイレベル,# 指示書: 集客力を最大化する展示会ブースパース【役割】空間ディスプレイデザイナー【目的】オーガニック化粧品の「自然素材へのこだわり」を訴求する【空間仕様】・規模: 3m x 3m (1小間)・構成: 木製の棚、本物の植物（グリーン）の装飾、試供品配布カウンター・デザイン: 生成り色と緑を基調としたナチュラルで癒やされる空間・照明: 暖色のペンダントライトでカフェのような雰囲気【出力設定】・解像度: 4K・視点: 正面からのアイレベル,,,,施工業者への指示明確化。社内承認スムーズ。,,,,,,,
57,営業/総務,P: 営業事務T: クライアント,ノベルティ(記念品)モック,# 指示書: 貰って嬉しい企業ノベルティのモックアップ【役割】プロダクトデザイナー兼3Dレンダラー【目的】[用途]で配布する[アイテム]の仕上がりイメージを作成【アイテム仕様】・アイテム: [アイテム]（例: 高級ノート、タンブラー）・名入れ: [ロゴ/企業名]を[加工方法]（箔押し、刻印等）で配置・背景: アイテムの高級感を引き立てる[背景素材]・質感: 手に取った時の重量感を感じさせるリアルなテクスチャ【出力設定】・解像度: 4K・照明: プロダクト撮影用のソフトライティング,# 指示書: 貰って嬉しい企業ノベルティのモックアップ【役割】プロダクトデザイナー兼3Dレンダラー【目的】周年記念で配布する「高級モレスキン風ノートとペンのセット」のイメージ作成【アイテム仕様】・アイテム: 黒のハードカバーノートと金属製ボールペン・名入れ: 企業ロゴを「金の箔押し」でノート中央に配置・背景: ダークウッド（濃い木目）のデスク上・質感: レザー調のカバーと金属の光沢をリアルに表現【出力設定】・解像度: 4K・照明: 高級感を演出する陰影あるライティング,# 指示書: 貰って嬉しい企業ノベルティのモックアップ【役割】プロダクトデザイナー兼3Dレンダラー【目的】夏のイベントで配布する「エコ素材のトートバッグ」のイメージ作成【アイテム仕様】・アイテム: 生成りのキャンバストートバッグ・名入れ: キャンペーンロゴを「シルクスクリーン印刷（緑色）」で大きく配置・背景: 明るい公園のベンチや芝生・質感: 粗い布地のテクスチャ【出力設定】・解像度: 4K・照明: 自然光（太陽光）,,,,制作発注ミス防止。クライアント期待値調整。,,,,,,,
58,総務/HR,P: オフィス管理者T: 社員,オフィスレイアウト案,# 指示書: 働き方を変えるオフィスレイアウト・シミュレーション【役割】オフィス空間アーキテクト【目的】[コンセプト]に基づいた新しいオフィスフロアのイメージを作成【空間仕様】・視点: フロア全体が見渡せる[視点]（アイソメトリックまたはトップダウン）・ゾーン: [エリア1]、[エリア2]、[エリア3]を配置・デザイン: [スタイル]な家具と配色のインテリア・詳細: 観葉植物、PCモニター、動線を意識した配置【出力設定】・解像度: 4K・スタイル: 建築パース風、またはThe Simsのような3D模型風,# 指示書: 働き方を変えるオフィスレイアウト・シミュレーション【役割】オフィス空間アーキテクト【目的】コミュニケーションを活性化する「フリーアドレス型オフィス」のイメージ作成【空間仕様】・視点: 斜め上からのアイソメトリックビュー・ゾーン: 中央に大型コラボレーションテーブル、窓際に集中ブース、入口にカフェスペース・デザイン: 木目と黒アイアンを基調としたインダストリアルモダン・詳細: 豊富な観葉植物、ノートPC、ホワイトボード【出力設定】・解像度: 4K・スタイル: クリーンで明るい3D建築パース,# 指示書: 働き方を変えるオフィスレイアウト・シミュレーション【役割】オフィス空間アーキテクト【目的】クリエイティビティを刺激する「スタートアップ向けオフィス」のイメージ作成【空間仕様】・視点: 部屋の角からの広角アイレベル・ゾーン: リラックスできるビーズクッションエリア、スタンディングデスク群、壁一面のホワイトボード・デザイン: カラフルでポップな遊び心あるデザイン・詳細: ガラス張りの会議室、開放的な天井【出力設定】・解像度: 4K・スタイル: 活気ある写真リアルなレンダリング,,,,レイアウト変更合意形成。引越し・改装の検討。,,,,,,,
59,組織/HR,P: 人事責任者T: 全社員,クリエイティブ組織図,# 指示書: 組織の関係性を可視化するモダンな組織図【役割】インフォグラフィック・デザイナー【目的】従来の堅苦しい組織図ではなく、[組織文化]を表す視覚的な組織図を作成【図解仕様】・構造: [構造タイプ]（階層型、フラット、サークル等）・要素: 各部門/チームを[形状]で表現し、コネクターで接続・スタイル: エクセル風ではなく、[デザインスタイル]なグラフィック・テキスト: 部門名や役職を[フォント]でクリアに表示【出力設定】・解像度: 4K (横長)・背景: 白またはコーポレートカラーの淡い背景,# 指示書: 組織の関係性を可視化するモダンな組織図【役割】インフォグラフィック・デザイナー【目的】アジャイルでフラットな「自律分散型組織（ホラクラシー）」を表現する【図解仕様】・構造: 中心から放射状に広がるサークル型（ネットワーク型）・要素: 各チームを色分けされた円（バブル）で表現し、有機的に接続・スタイル: カラフルで透明感のあるテック系グラフィック・テキスト: チーム名を「メイリオ」でバブル内に配置【出力設定】・解像度: 4K・背景: 薄いグレーのグリッド背景,# 指示書: 組織の関係性を可視化するモダンな組織図【役割】インフォグラフィック・デザイナー【目的】大企業の安定した「機能別ピラミッド組織」を洗練させて表現する【図解仕様】・構造: 伝統的な階層型（トップダウン）・要素: 角丸のカード型ノード、顔写真プレースホルダー付き・スタイル: 青とグレーを基調としたミニマルで信頼感のあるデザイン・テキスト: 部署名を「源ノ角ゴシック」で配置【出力設定】・解像度: 4K・背景: 純白背景,,,,組織理解の促進。採用ピッチ資料に活用。,,,,,,,
60,マーケティング,P: YouTube担当T: 視聴者,ビジネス系YouTubeサムネ,# 指示書: クリック率を爆上げするYouTubeサムネイル【役割】YouTubeマーケティング専属デザイナー【目的】「[動画テーマ]」の動画をタイムラインで際立たせ、クリックさせる【デザイン仕様】・人物: [表情]な表情の人物を左右どちらかに大きく配置（背景切り抜き風）・テキスト: 「[インパクトある短文]」を[色/フォント]で極太に配置・背景: [背景イメージ]を暗く落とし、被写体と文字をポップさせる・装飾: 集中線、矢印、[色]の枠線で強調【出力設定】・解像度: 1280x720・スタイル: 高コントラスト、彩度高め,# 指示書: クリック率を爆上げするYouTubeサムネイル【役割】YouTubeマーケティング専属デザイナー【目的】「生成AIによる業務効率化」の解説動画をクリックさせる【デザイン仕様】・人物: 驚きの表情（手で口を覆う）をするスーツ姿の男性を右側に配置・テキスト: 「残業ゼロ!? AI仕事術」を黄色と赤の極太ゴシック体で左側に配置・背景: 暗めのオフィス背景に、輝くAIの脳のイラストを合成・装飾: テキストに白い縁取りとドロップシャドウ、全体に集中線【出力設定】・解像度: 1280x720・スタイル: 衝撃的で視認性抜群のデザイン,# 指示書: クリック率を爆上げするYouTubeサムネイル【役割】YouTubeマーケティング専属デザイナー【目的】「失敗しない投資入門」の動画をクリックさせる【デザイン仕様】・人物: 困り顔で頭を抱える女性と、余裕の笑顔の専門家を対比配置・テキスト: 「9割が損する？投資の罠」を白と赤の極太明朝体で中央に配置・背景: 下落するチャート（赤）と上昇するチャート（緑）の対比・装飾: 左右を分割する雷エフェクト、VSマーク【出力設定】・解像度: 1280x720・スタイル: ドラマチックで煽情的なデザイン,,,,CTR向上。動画再生数増加。,,,,,,,
,,,,,,,,,,,,,,,,,
,,,,,,,,,,,,,,,,,
,,,,,,,,,,,,,,,,,
,,,,,,,,,,,,,,,,,
4,プレゼン資料作成,P: 営業部長T: BtoB企業,プレゼンスライド生成,# 指示書: プロフェッショナル・スライドデザイン【役割】世界的プレゼンテーション・デザイナー【目的】[テーマ]に関する説得力のある視覚資料作成【スライド仕様】・主題: [テーマ]・レイアウト: [構成]（三分割法/Z字構成/F字構成）・配色: [ブランドカラー]をベースに補色[色]でアクセント・タイポグラフィ: 見出し[フォント]、本文[フォント]・視覚要素: [グラフ/図解/アイコン]で情報を階層化【出力設定】・サイズ: 16:9 / 4K・スタイル: [ミニマル/コーポレート/クリエイティブ]・余白: 視認性重視の十分な余白確保,# 指示書: 四半期業績報告【役割】経営戦略ビジュアライザー【目的】Q4業績を経営層に報告【スライド仕様】・主題: 四半期業績データ・レイアウト: Z字構成（左上→右→左下）・配色: コーポレートブルー+金色アクセント・フォント: 游ゴシック Bold/Regular・視覚要素: 売上推移グラフ+KPI指標【出力】・サイズ: 16:9 / 4K・スタイル: エグゼクティブ向けミニマル,# 指示書: 新規事業提案【役割】スタートアップピッチ専門家【目的】投資家の興味を引く提案資料【スライド仕様】・主題: 新規事業コンセプト・レイアウト: F字構成（視線誘導重視）・配色: 情熱の赤+信頼の青・フォント: 源ノ角ゴシック Bold/Medium・視覚要素: 市場規模図+ビジネスモデル図解【出力】・サイズ: 16:9 / 4K・スタイル: スタートアップ・ピッチ,# 指示書: 製品ローンチ発表【役割】プロダクトマーケター【目的】新製品の魅力を最大化【スライド仕様】・主題: 新製品発表・レイアウト: 三分割法（視覚的バランス）・配色: プロダクトカラー+白背景・フォント: ヒラギノ角ゴ Bold/W3・視覚要素: 製品写真+特徴比較表【出力】・サイズ: 16:9 / 4K・スタイル: プロダクトローンチ,# 指示書: 研修プログラム説明【役割】教育コンテンツデザイナー【目的】研修内容を分かりやすく伝達【スライド仕様】・主題: 研修カリキュラム・レイアウト: F字構成・配色: 学習の緑+ポイント橙・フォント: メイリオ Bold/Regular・視覚要素: タイムライン+アイコン【出力】・サイズ: 16:9 / 4K・スタイル: 教育的・親しみやすい,# 指示書: クライアント報告会【役割】コンサルタント【目的】プロジェクト成果を可視化【スライド仕様】・主題: プロジェクト成果報告・レイアウト: Z字構成・配色: 落ち着いたグレー+成果の緑・フォント: 筑紫A丸ゴ Bold/Regular・視覚要素: ビフォーアフター比較【出力】・サイズ: 16:9 / 4K・スタイル: プロフェッショナル,Googleスライド連携。役員会議で採用率85%。,,,,,,,
5,提案資料作成,P: 営業担当T: コンサル企業,提案書表紙デザイン,# 指示書: インパクト提案書カバー【役割】ブランディング・スペシャリスト【目的】[案件名]提案書の第一印象を最大化【デザイン仕様】・案件名: [プロジェクト名]・ビジュアルコンセプト: [コンセプト]を象徴するイメージ・配色: [業界カラー]をメインに信頼感を演出・タイポグラフィ: タイトル[フォント]・大胆配置、企業ロゴ配置・装飾要素: [パターン/グラデーション/ライン]で高級感【技術要件】・サイズ: A4縦/横・解像度: 300dpi以上・スタイル: [モダン/クラシック/ミニマル],# 指示書: DX推進提案書【役割】デジタル戦略デザイナー【目的】DX案件の先進性を表現【デザイン仕様】・案件名: 「DXトランスフォーメーション2026」・コンセプト: デジタル化を象徴する回路基板・配色: テクノロジーブルー+電気的な青白光・フォント: 游ゴシック Bold・装飾: 幾何学パターン【出力】・A4縦 / 300dpi・スタイル: フューチャリスティック,# 指示書: M&Aアドバイザリー【役割】金融ビジュアルエキスパート【目的】信頼と実績を印象付ける【デザイン仕様】・案件名: 「企業買収アドバイザリー」・コンセプト: 握手するビジネスパーソン・配色: 高級感のある濃紺+金・フォント: ヒラギノ明朝 Bold・装飾: 細いゴールドライン【出力】・A4縦 / 300dpi・スタイル: エグゼクティブ・クラシック,# 指示書: 人材採用コンサル提案【役割】HRブランディング専門家【目的】採用課題解決への期待感【デザイン仕様】・案件名: 「採用戦略最適化プラン」・コンセプト: 多様な人材のシルエット・配色: 温かみのあるオレンジ+白・フォント: 源ノ角ゴシック Medium・装飾: 人物アイコンのパターン【出力】・A4縦 / 300dpi・スタイル: ヒューマンセントリック,# 指示書: サステナビリティ提案【役割】ESGコミュニケーター【目的】環境配慮姿勢をアピール【デザイン仕様】・案件名: 「カーボンニュートラル戦略」・コンセプト: 緑豊かな地球・配色: 自然の緑+空の青・フォント: メイリオ Bold・装飾: 葉っぱモチーフのグラデーション【出力】・A4縦 / 300dpi・スタイル: エコ・ナチュラル,# 指示書: ITシステム刷新提案【役割】ITソリューションデザイナー【目的】技術力と安心感を両立【デザイン仕様】・案件名: 「基幹システム刷新プロジェクト」・コンセプト: クラウドとネットワーク・配色: 信頼の青+安全の緑・フォント: 筑紫A丸ゴ Bold・装飾: ネットワークノードパターン【出力】・A4縦 / 300dpi・スタイル: テクニカル・信頼,PDF出力で即提出可。受注率12%向上実績。,,,,,,,
6,戦略資料作成,P: 経営企画T: スタートアップ,事業ロードマップ,# 指示書: 戦略的ロードマップビジュアル【役割】事業戦略ビジュアライゼーション専門家【目的】[期間]の事業計画を時系列で明確化【マップ仕様】・期間: [開始]〜[終了]（四半期/年次単位）・構造: [横軸:時間、縦軸:施策カテゴリ]・マイルストーン: [重要イベント]を★印で強調・フェーズ分け: [フェーズ1/2/3]を色分け・依存関係: 矢印で前後関係を明示【ビジュアル要件】・スタイル: [ガントチャート/タイムライン/フローチャート]・配色: フェーズごとに[色指定]・アイコン: 各施策に対応したアイコン配置,# 指示書: 3ヵ年成長計画【役割】成長戦略プランナー【目的】2026-2028年の成長シナリオ可視化【マップ仕様】・期間: 2026年Q1〜2028年Q4・構造: 横軸12四半期、縦軸4カテゴリ・マイルストーン: IPO★、シリーズB★・フェーズ: 基盤/拡大/収益化を青→緑→金・依存関係: プロダクト→営業の矢印【出力】・ガントチャート形式・配色: 青→緑→金のグラデーション・アイコン: ロケット/グラフ/ドル,# 指示書: プロダクト開発ロードマップ【役割】プロダクトマネージャー【目的】機能リリース計画の共有【マップ仕様】・期間: 2026年1月〜12月・構造: 横軸12ヶ月、縦軸機能カテゴリ・マイルストーン: β版★、正式版★・フェーズ: 開発/テスト/リリースを橙→黄→緑・依存関係: 基盤機能→応用機能【出力】・タイムライン形式・配色: 橙→黄→緑・アイコン: コード/テスト/チェック,# 指示書: マーケティング展開計画【役割】マーケティングディレクター【目的】年間キャンペーン計画の可視化【マップ仕様】・期間: 2026年通年・構造: 横軸月次、縦軸チャネル・マイルストーン: 大型キャンペーン★3回・フェーズ: 認知/検討/購入を紫→青→赤・依存関係: 認知→検討の流れ【出力】・タイムライン形式・配色: 紫→青→赤・アイコン: メガホン/虫眼鏡/カート,# 指示書: 組織拡大ロードマップ【役割】人事戦略責任者【目的】採用計画と組織成長の可視化【マップ仕様】・期間: 2026年Q1〜Q4・構造: 横軸4四半期、縦軸部門・マイルストーン: 幹部採用★、50名突破★・フェーズ: 採用/育成/定着を緑→青→金・依存関係: 採用→育成の順序【出力】・ガントチャート形式・配色: 緑→青→金・アイコン: 人材/教育/定着,# 指示書: 研究開発ロードマップ【役割】CTO【目的】技術投資計画の明確化【マップ仕様】・期間: 2026〜2030年・構造: 横軸5年、縦軸技術領域・マイルストーン: 特許出願★5件・フェーズ: R&D/実証/実装を水色→青→紺・依存関係: 基礎研究→応用研究【出力】・タイムライン形式・配色: 水色→青→紺・アイコン: フラスコ/実験/製品,Notion/Miro連携。投資家プレゼンで高評価。,,,,,,,
,,,,,,,,,,,,,,,,,
,,,,,,,,,,,,,,,,,
7,CX設計資料,P: CX責任者T: SaaS企業,カスタマージャーニーマップ,# 指示書: 顧客体験可視化マップ【役割】CXデザイン・エキスパート【目的】[ペルソナ]の購買プロセス全体を可視化【マップ構造】・ペルソナ: [名前/属性/課題]・フェーズ: [認知/検討/購入/利用/推奨]の5段階・各フェーズ要素: - 顧客行動: [具体的アクション] - タッチポイント: [接点チャネル] - 感情曲線: [😊/😐/😞]で可視化 - ペインポイント: [課題]を⚠マークで強調 - 機会: [改善案]を💡で提示【ビジュアル要件】・レイアウト: 横長タイムライン形式・配色: フェーズごとに段階的配色・アイコン: 各タッチポイントに対応,# 指示書: BtoB SaaS導入ジャーニー【役割】エンタープライズCXデザイナー【目的】法人顧客の導入プロセス最適化【マップ構造】・ペルソナ: IT部長・田中(45)/予算管理/DX推進・フェーズ: 課題認識/情報収集/比較検討/導入/活用・顧客行動: Google検索→資料DL→デモ→契約→運用・タッチポイント: Web/メール/商談/サポート・感情: 😐→😊→😟→😊→😊・ペイン: 比較が困難⚠、設定が複雑⚠・機会: 比較表提供💡、導入支援強化💡【出力】・横1600px・配色: 青系グラデーション・アイコン: 検索/書類/握手/設定/グラフ,# 指示書: ECサイト購買ジャーニー【役割】Eコマース最適化専門家【目的】カート放棄率削減の施策立案【マップ構造】・ペルソナ: 会社員・佐藤(32)/時短希望/品質重視・フェーズ: 発見/閲覧/比較/購入/受取・顧客行動: SNS発見→商品閲覧→レビュー確認→決済→評価・タッチポイント: Instagram/サイト/アプリ/配送・感情: 😊→😊→😐→😟→😊・ペイン: 送料高い⚠、決済面倒⚠・機会: 送料無料💡、ワンクリック決済💡【出力】・横1600px・配色: 橙系グラデーション・アイコン: SNS/カート/レビュー/配送/星,# 指示書: 医療サービス利用ジャーニー【役割】ヘルスケアUXデザイナー【目的】患者体験の向上ポイント特定【マップ構造】・ペルソナ: 主婦・鈴木(38)/子育て中/健康不安・フェーズ: 症状認識/病院探し/受診/治療/フォロー・顧客行動: 症状検索→予約→来院→診察→経過観察・タッチポイント: Web/電話/受付/診察室/アプリ・感情: 😟→😐→😟→😊→😊・ペイン: 待ち時間長い⚠、予約取れない⚠・機会: オンライン予約💡、待ち時間表示💡【出力】・横1600px・配色: 緑系グラデーション・アイコン: 検索/電話/病院/医師/薬,# 指示書: サブスク継続ジャーニー【役割】リテンション戦略家【目的】解約率低減の打ち手発見【マップ構造】・ペルソナ: フリーランス・山田(29)/効率化/コスト意識・フェーズ: 無料体験/有料化/継続/活用深化/推奨・顧客行動: 登録→課金→利用→機能発見→紹介・タッチポイント: LP/メール/アプリ/サポート/SNS・感情: 😊→😐→😊→😊→😊・ペイン: 価値不明⚠、使い方不明⚠・機会: オンボーディング💡、成功事例💡【出力】・横1600px・配色: 紫系グラデーション・アイコン: 試用/カード/アプリ/電球/共有,# 指示書: イベント参加ジャーニー【役割】イベントマーケター【目的】参加体験の満足度向上【マップ構造】・ペルソナ: エンジニア・伊藤(27)/学習意欲/ネットワーキング・フェーズ: 認知/申込/事前/当日/事後・顧客行動: SNS発見→申込→リマインド→参加→レビュー・タッチポイント: X/Peatix/メール/会場/コミュニティ・感情: 😊→😊→😐→😊→😊・ペイン: 会場分かりにくい⚠、名刺交換非効率⚠・機会: 地図送付💡、アプリ交換💡【出力】・横1600px・配色: 赤系グラデーション・アイコン: SNS/チケット/通知/会場/レビュー,Figma/Miro出力。CX改善で NPS+15pt向上。,,,,,,,
8,競合分析資料,P: 事業開発T: コンサル企業,競合分析マトリクス,# 指示書: 戦略的ポジショニングマップ【役割】競合インテリジェンス・アナリスト【目的】[業界]における自社と競合の相対位置を明確化【マトリクス仕様】・軸設定: 横軸[指標1] / 縦軸[指標2]・プロット対象: 自社+競合[社名A/B/C/D]・バブルサイズ: [市場シェア/売上規模]を反映・色分け: 自社[色]、競合カテゴリ別[色指定]・注釈: 各社の特徴を簡潔にラベル表示【分析要素】・強み/弱み領域の色分けエリア表示・戦略的ギャップ(ホワイトスペース)の強調・移動トレンド矢印で市場動向を表現,# 指示書: SaaS市場ポジショニング【役割】SaaSマーケットアナリスト【目的】CRM市場での自社位置確認【マトリクス仕様】・軸: 横軸「価格」/ 縦軸「機能豊富さ」・対象: 自社+Salesforce/HubSpot/Zoho/Pipedrive・バブル: 市場シェアサイズ・色: 自社(青)、エンタープライズ(赤)、SMB(緑)・ラベル: 各社の差別化ポイント【分析】・高価格高機能エリア(赤)・低価格シンプルエリア(緑)・ホワイトスペース強調💡,# 指示書: 飲食チェーン競合分析【役割】外食産業アナリスト【目的】カフェ市場での差別化戦略立案【マトリクス仕様】・軸: 横軸「客単価」/ 縦軸「滞在時間」・対象: 自社+スタバ/ドトール/タリーズ/コメダ・バブル: 店舗数サイズ・色: 自社(橙)、プレミアム(紫)、バリュー(黄)・ラベル: ターゲット層【分析】・高単価長時間エリア(紫)・低単価短時間エリア(黄)・中間層ギャップ💡,# 指示書: フィットネス業界マップ【役割】ヘルスケア市場専門家【目的】ジム市場でのブルーオーシャン発見【マトリクス仕様】・軸: 横軸「パーソナル度」/ 縦軸「価格帯」・対象: 自社+ライザップ/エニタイム/カーブス/市営ジム・バブル: 会員数サイズ・色: 自社(緑)、高級(金)、大衆(青)・ラベル: サービス特徴【分析】・高価格高パーソナル(金)・低価格セルフ(青)・中価格帯機会💡,# 指示書: クラウドストレージ比較【役割】テクノロジー市場リサーチャー【目的】ストレージ市場での差別化【マトリクス仕様】・軸: 横軸「容量」/ 縦軸「セキュリティレベル」・対象: 自社+Dropbox/Google/OneDrive/Box・バブル: 企業顧客数サイズ・色: 自社(青)、コンシューマ(橙)、エンタープライズ(紺)・ラベル: 主要機能【分析】・大容量高セキュリティ(紺)・小容量低セキュリティ(橙)・中間強化機会💡,# 指示書: 教育サービスポジショニング【役割】EdTechアナリスト【目的】オンライン学習市場の戦略的位置【マトリクス仕様】・軸: 横軸「対象年齢」/ 縦軸「専門性」・対象: 自社+Udemy/Coursera/Schoo/N予備校・バブル: ユーザー数サイズ・色: 自社(紫)、ビジネス(青)、アカデミック(緑)・ラベル: コンテンツ特性【分析】・高専門性大人向け(青)・低専門性子供向け(緑)・ビジネス若手層💡,PowerBI連携。戦略会議での採用率90%。,,,,,,,
9,コンテンツ制作,P: コンテンツM T: メディア企業,ホワイトペーパー表紙,# 指示書: 権威的ホワイトペーパーカバー【役割】B2Bコンテンツデザイン・スペシャリスト【目的】[テーマ]に関する専門性と信頼性を表紙で訴求【デザイン仕様】・タイトル: [正式タイトル]を[フォント]で視認性重視配置・サブタイトル: [サブコピー]で価値を補足・ビジュアル: [テーマ関連イメージ]で専門性を象徴・企業ブランド: ロゴを[位置]に配置、権威性演出・統計/数値: キーデータを大きく表示して信頼性強化【品質基準】・サイズ: A4縦・解像度: 300dpi (印刷対応)・スタイル: [アカデミック/ビジネス/テクニカル]・色調: [信頼の青/専門の紺/革新の紫],# 指示書: AI活用ガイド2026【役割】テクノロジーコンテンツデザイナー【目的】AI導入の決定版資料としての権威性【デザイン仕様】・タイトル: 「生成AI活用ガイド2026」(游ゴシックBold 48pt)・サブ: 「実践的導入ステップと成功事例」(24pt)・ビジュアル: AI回路基板とビジネスパーソンの合成・ブランド: 企業ロゴ右上配置・統計: 「導入企業78%増」を円グラフで【出力】・A4縦 / 300dpi・スタイル: テクニカル・プロフェッショナル・色: 青紺グラデーション,# 指示書: サステナビリティ白書【役割】ESGコミュニケーションデザイナー【目的】環境経営の本気度を示す【デザイン仕様】・タイトル: 「2030年カーボンニュートラル白書」(ヒラギノ明朝Bold)・サブ: 「脱炭素への挑戦と実績」・ビジュアル: 緑豊かな地球と再生エネルギー・ブランド: 企業ロゴ中央下・統計: 「CO2削減45%達成」を大きく【出力】・A4縦 / 300dpi・スタイル: エコ・アカデミック・色: 緑と青の自然色調,# 指示書: 働き方改革レポート【役割】HRブランディングデザイナー【目的】人材戦略の先進性アピール【デザイン仕様】・タイトル: 「ハイブリッドワーク実践レポート」(源ノ角ゴBold)・サブ: 「生産性向上と従業員満足の両立」・ビジュアル: 多様な働き方のコラージュ・ブランド: 企業ロゴ左上・統計: 「満足度92%」を星評価で【出力】・A4縦 / 300dpi・スタイル: ヒューマン・モダン・色: 温かみのある橙系,# 指示書: 市場調査レポート【役割】マーケットリサーチビジュアライザー【目的】調査の網羅性と精度を表現【デザイン仕様】・タイトル: 「2026年 FinTech市場動向調査」(メイリオBold)・サブ: 「市場規模予測と成長ドライバー分析」・ビジュアル: 金融データグラフの抽象化・ブランド: 調査機関ロゴ右上・統計: 「市場規模5.2兆円」を強調【出力】・A4縦 / 300dpi・スタイル: アナリティカル・色: 金融の紺と金,# 指示書: セキュリティガイドライン【役割】サイバーセキュリティデザイナー【目的】セキュリティ対策の包括性を示す【デザイン仕様】・タイトル: 「サイバーセキュリティ対策ガイド」(筑紫A丸ゴBold)・サブ: 「ゼロトラスト時代の防御戦略」・ビジュアル: 盾とデジタルロックの象徴・ブランド: セキュリティロゴ中央・統計: 「防御率99.7%」を鍵アイコンで【出力】・A4縦 / 300dpi・スタイル: セキュア・プロフェッショナル・色: 警告の赤とセキュアの青,リード獲得率35%向上。ダウンロード数月間500件突破。,,,,,,,
10,SNSマーケ,P: SNS担当T: D2Cブランド,SNS投稿画像生成,# 指示書: エンゲージメント最大化SNSビジュアル【役割】ソーシャルメディア・クリエイティブディレクター【目的】[プラットフォーム]で高エンゲージメントを獲得【投稿仕様】・プラットフォーム: [Instagram/X/LinkedIn/TikTok]・コンテンツタイプ: [告知/教育/エンタメ/UGC風]・メインビジュアル: [商品/人物/グラフィック]を[構図]で配置・テキストオーバーレイ: [キャッチコピー]を[フォント][サイズ]で・ブランド要素: ロゴ/カラー/トーンの一貫性維持・CTA: [行動喚起]を目立つ配置【技術要件】・サイズ: [プラットフォーム推奨サイズ]・アスペクト比: [1:1 / 4:5 / 16:9]・スタイル: [プラットフォーム]のトレンド反映,# 指示書: Instagram新商品告知【役割】Instagramグロースハッカー【目的】新作コスメの発売告知でバズ化【投稿仕様】・プラットフォーム: Instagram・タイプ: 新商品告知・ビジュアル: 商品を対角線構図で配置・テキスト: 「新色登場」(源ノ角ゴBold 72pt)白抜き・ブランド: ロゴを右下に控えめ配置・CTA: 「プロフィールからチェック👆」【出力】・1080x1080px (1:1)・スタイル: Instagramトレンド(パステル調),# 指示書: X(Twitter)セミナー告知【役割】Xバイラルクリエイター【目的】ウェビナー参加者獲得【投稿仕様】・プラットフォーム: X・タイプ: イベント告知・ビジュアル: 登壇者顔写真+日時グラフィック・テキスト: 「無料ウェビナー開催」(游ゴシックBold 60pt)・ブランド: イベントロゴ中央・CTA: 「今すぐ登録▶」緑ボタン【出力】・1200x675px (16:9)・スタイル: ビジネス・インパクト,# 指示書: LinkedIn専門知見共有【役割】LinkedInソートリーダー【目的】業界専門家としてのポジション確立【投稿仕様】・プラットフォーム: LinkedIn・タイプ: 教育コンテンツ・ビジュアル: データグラフ+キーメッセージ・テキスト: 「2026年トレンド予測」(ヒラギノ角ゴBold 48pt)・ブランド: プロフィール写真を円形で・CTA: 「詳細はコメントで💬」【出力】・1200x627px・スタイル: プロフェッショナル・権威的,# 指示書: TikTok教育系ショート【役割】TikTokバイラルディレクター【目的】若年層への認知拡大【投稿仕様】・プラットフォーム: TikTok・タイプ: 教育エンタメ・ビジュアル: ステップバイステップ図解・テキスト: 「3分で分かる○○」(筑紫A丸ゴBold 80pt)・ブランド: アイコンを左上小さく・CTA: 「保存して後で見る📌」【出力】・1080x1920px (9:16)・スタイル: ポップ・カジュアル,# 指示書: Instagram Storiesキャンペーン【役割】Storiesエンゲージメント専門家【目的】限定キャンペーンの緊急性訴求【投稿仕様】・プラットフォーム: Instagram Stories・タイプ: 期間限定オファー・ビジュアル: 商品+カウントダウンタイマー・テキスト: 「24時間限定50%OFF」(源ノ角ゴBold 64pt)・ブランド: ストーリーハイライトカラー統一・CTA: 「スワイプアップ👆」アニメーション【出力】・1080x1920px (9:16)・スタイル: 緊急性・FOMO喚起,Buffer/Later連携で自動投稿。エンゲージメント率2.5倍。,,,,,,,
11,メールマーケ,P: メルマガ担当T: EC事業者,メールヘッダー画像,# 指示書: 開封率向上メールヘッダー【役割】メールマーケティング・ビジュアルデザイナー【目的】[キャンペーン]のメール開封後の第一印象最適化【ヘッダー仕様】・キャンペーン: [名称]の価値を瞬時に伝達・ビジュアル階層: [メインイメージ] > [オファー] > [CTA]の優先順位・テキスト要素: 件名連動の[キャッチコピー]を[フォント]で・配色戦略: [ブランドカラー]をベースに[アクション色]でCTA強調・モバイル最適化: テキストサイズ最小16px、タップ領域44px以上【技術要件】・サイズ: 600px幅(メール標準)・解像度: 72dpi (Web表示)・ファイル: 150KB以下 (読込速度重視)・代替テキスト設定必須,# 指示書: セールス開始メールヘッダー【役割】プロモーションデザイナー【目的】週末セール告知の緊急性訴求【ヘッダー仕様】・キャンペーン: 「週末限定50%OFFセール」・階層: セール商品画像 > 50%OFF表示 > 今すぐ購入ボタン・テキスト: 「週末だけの特別価格」(源ノ角ゴBold 36px)・配色: ブランドブルー + 赤でセール強調・モバイル: ボタン高さ50px【出力】・600px幅 / 72dpi・<150KB・代替テキスト: 「週末限定50%OFFセール開催中」,# 指示書: 新商品紹介メールヘッダー【役割】プロダクトストーリーテラー【目的】新作への期待感醸成【ヘッダー仕様】・キャンペーン: 「春の新作コレクション」・階層: 新作メイン画像 > 商品特徴 > コレクション見るボタン・テキスト: 「春を彩る新作登場」(ヒラギノ明朝Bold 32px)・配色: パステルピンク + 白で春らしさ・モバイル: 画像最適化で高速表示【出力】・600px幅 / 72dpi・<150KB・代替テキスト: 「春の新作コレクション登場」,# 指示書: カート放棄リマインドヘッダー【役割】コンバージョン最適化専門家【目的】カート放棄ユーザーの購入完了促進【ヘッダー仕様】・キャンペーン: 「カートに残っています」・階層: カート内商品画像 > 「お待ちしています」 > 購入完了ボタン・テキスト: 「まだ間に合います」(游ゴシックBold 28px)・配色: 優しいグレー + 緑で安心感とアクション・モバイル: パーソナライズ商品画像【出力】・600px幅 / 72dpi・<150KB・代替テキスト: 「カート内商品をご確認ください」,# 指示書: 会員限定オファーヘッダー【役割】ロイヤルティプログラムデザイナー【目的】会員の特別感とVIP意識醸成【ヘッダー仕様】・キャンペーン: 「プレミアム会員様限定」・階層: VIPバッジ > 限定商品 > 専用オファーボタン・テキスト: 「あなただけの特典」(メイリオBold 30px)・配色: 高級感のゴールド + 黒・モバイル: 会員ステータス表示【出力】・600px幅 / 72dpi・<150KB・代替テキスト: 「プレミアム会員様限定オファー」,# 指示書: イベント招待メールヘッダー【役割】イベントマーケティングデザイナー【目的】イベント参加申込率向上【ヘッダー仕様】・キャンペーン: 「特別イベントご招待」・階層: イベントビジュアル > 日時場所 > 申込ボタン・テキスト: 「限定100名様ご招待」(筑紫A丸ゴBold 34px)・配色: イベントテーマカラー + 橙でアクション・モバイル: カレンダー追加機能【出力】・600px幅 / 72dpi・<150KB・代替テキスト: 「特別イベントへのご招待」,Mailchimp/SendGrid連携。開封率18%→25%向上。,,,,,,,
12,Web制作,P: マーケターT: スタートアップ,LPヒーローセクション,# 指示書: CVR最大化ヒーローセクション【役割】ランディングページ最適化スペシャリスト【目的】[商品/サービス]の価値を3秒で伝えコンバージョン誘導【セクション構成】・ファーストビュー要素: - ヘッドライン: [価値提案]を[フォント]で大胆に - サブヘッド: [具体的ベネフィット]を補足 - ヒーローイメージ: [商品/利用シーン]を右側配置 - CTA: [行動喚起ボタン]を左下に目立つ配色 - 信頼要素: [実績/受賞/ロゴ]を下部配置・デザイン原則: F字視線誘導、余白活用、モバイルファースト【技術仕様】・サイズ: デスクトップ1920px / モバイル375px対応・Above the fold: スクロールなしで完結・ロード: 2秒以内表示,# 指示書: SaaS無料トライアルLP【役割】SaaSコンバージョン専門家【目的】無料トライアル登録率30%達成【セクション構成】・ヘッドライン: 「3分で始める業務自動化」(游ゴシックBold 56px)・サブ: 「月間100時間削減の実績」(32px)・ヒーローイメージ: ダッシュボード画面を右60%・CTA: 「無料で始める」緑ボタン左下・信頼: 「導入企業1000社突破」ロゴ帯【出力】・1920px幅 / モバイル対応・Above the fold完結・<2秒ロード,"# 指示書: Eコマース商品LP【役割】Eコマースコンバージョンデザイナー【目的】商品詳細ページからのカート追加率向上【セクション構成】・ヘッドライン: 「プロが選ぶ最高品質」(ヒラギノ明朝Bold 48px)・サブ: 「満足度98%のこだわり」(28px)・ヒーローイメージ: 商品写真を中央大きく・CTA: 「カートに入れる」橙ボタン下部・信頼: 「★4.8 (2,340件)」レビュー表示【出力】・1920px幅 / モバイル対応・商品フォーカス・<2秒ロード","# 指示書: B2Bホワイトペーパー獲得LP【役割】リードジェネレーション専門家【目的】ホワイトペーパーDL率20%達成【セクション構成】・ヘッドライン: 「2026年AI活用ガイド無料公開」(源ノ角ゴBold 52px)・サブ: 「78%の企業が成果を実感」(30px)・ヒーローイメージ: ホワイトペーパー表紙を右に・CTA: 「無料ダウンロード」青ボタン左・信頼: 「10,000DL突破」実績表示【出力】・1920px幅 / モバイル対応・Above the fold完結・<2秒ロード",# 指示書: イベント申込LP【役割】イベントマーケティングデザイナー【目的】イベント満席達成の申込促進【セクション構成】・ヘッドライン: 「AI時代を生き抜くセミナー」(メイリオBold 50px)・サブ: 「残席わずか!限定50名」(28px)・ヒーローイメージ: 過去イベント満席写真・CTA: 「今すぐ申し込む」赤ボタン中央・信頼: 「参加者満足度92%」実績【出力】・1920px幅 / モバイル対応・緊急性訴求・<2秒ロード,# 指示書: アプリDL促進LP【役割】モバイルアプリマーケター【目的】アプリストアへの遷移率最大化【セクション構成】・ヘッドライン: 「スマホで完結する新習慣」(筑紫A丸ゴBold 54px)・サブ: 「50万DL突破の人気アプリ」(30px)・ヒーローイメージ: アプリ画面モックアップ・CTA: 「App Store」「Google Play」ボタン並列・信頼: 「★4.7 高評価」レビュー【出力】・1920px幅 / モバイル最優先・ストアボタン目立つ・<2秒ロード,A/Bテストツール連携。CVR平均15%→22%向上。,,,,,,,
13,データ分析資料,P: データアナリストT: 全業種,データダッシュボード,# 指示書: 経営判断支援ダッシュボード【役割】データビジュアライゼーション・アーキテクト【目的】[部門]の重要指標を一画面で俯瞰可能に【ダッシュボード構成】・KPI配置: [指標1/2/3]を上部カード形式で・メイングラフ: [指標]の時系列推移を中央大きく・サブグラフ: [内訳/比較]を左右2列配置・フィルター: 期間/カテゴリ選択を右上・アラート: しきい値超過を⚠で視覚化【デザイン原則】・情報階層: 重要度順に配置・配色: [グリーン:良好 / イエロー:注意 / レッド:警告]・インタラクティブ: クリックで詳細ドリルダウン・更新頻度: [リアルタイム / 日次 / 週次]表示,# 指示書: 営業部門ダッシュボード【役割】セールスアナリティクス専門家【目的】営業KPIの可視化と目標達成支援【ダッシュボード構成】・KPI: 売上/商談数/成約率を上部カード・メイン: 月次売上推移グラフ中央・サブ: 商品別売上(左)、営業担当別(右)・フィルター: 期間/地域/担当者・アラート: 目標未達を⚠表示【出力】・配色: 達成(緑) / 未達(赤)・インタラクティブ: 担当者クリックで詳細・更新: リアルタイム,# 指示書: マーケティングダッシュボード【役割】マーケティングROI分析家【目的】広告効果とROIの即時把握【ダッシュボード構成】・KPI: CPA/ROAS/CTRを上部・メイン: チャネル別ROI比較グラフ・サブ: キャンペーン別(左)、デバイス別(右)・フィルター: キャンペーン/期間・アラート: CPA高騰を⚠【出力】・配色: 高ROI(緑) / 低ROI(赤)・インタラクティブ: チャネルクリックで詳細・更新: 日次,# 指示書: カスタマーサポートダッシュボード【役割】カスタマーサクセスアナリスト【目的】サポート品質とNPSの監視【ダッシュボード構成】・KPI: 平均対応時間/解決率/NPSを上部・メイン: 日別問合せ件数推移・サブ: カテゴリ別(左)、満足度分布(右)・フィルター: 期間/カテゴリ/担当・アラート: 対応遅延を⚠【出力】・配色: 高満足度(緑) / 低満足度(赤)・インタラクティブ: カテゴリドリルダウン・更新: リアルタイム,# 指示書: 人事ダッシュボード【役割】HRアナリティクス専門家【目的】組織健全性と離職リスクの監視【ダッシュボード構成】・KPI: 従業員数/離職率/満足度を上部・メイン: 月次採用・離職推移・サブ: 部門別離職率(左)、年齢分布(右)・フィルター: 部門/職種/年度・アラート: 離職率上昇を⚠【出力】・配色: 健全(緑) / 要注意(赤)・インタラクティブ: 部門クリックで詳細・更新: 月次,# 指示書: 財務ダッシュボード【役割】財務アナリスト【目的】資金繰りとキャッシュフローの監視【ダッシュボード構成】・KPI: 売上/利益/キャッシュを上部・メイン: 月次PL推移グラフ・サブ: 費用内訳(左)、キャッシュフロー(右)・フィルター: 期間/セグメント・アラート: 資金ショートリスクを⚠【出力】・配色: 黒字(緑) / 赤字(赤)・インタラクティブ: 費用ドリルダウン・更新: 日次,Tableau/PowerBI/Looker出力対応。意思決定時間50%削減。,,,,,,,
,,,,,,,,,,,,,,,,,
,,,,,,,,,,,,,,,,,
,,,,,,,,,,,,,,,,,
,,めっちゃ適当にプロンプトだけ載せるのもokです,,,,,,,,,,,,,,,
,,,,,,,,,,,,,,,,,
,猫,猫好き,猫ファン,猫の画像生成して,,,,,,,,,,,,,
,例のネズミ,例のネズミ好き,例のネズミファン,世界で一番有名な鼠のキャラを生成して,,,,,,,,,,,,,
,,,,https://x.com/akira_papa_IT/status/1992397853793354026,,,,,,,,,,,,,
0,Web制作,P: マーケターT: スタートアップ,LPセクション,"# 指示書: 《キャンペーン名やLPタイトル》ヒーローバナー
【役割】Webバナーデザイナー
【目的】《どんなサービス／商品》の魅力と、《どんな悩み or メリット》を一画面で強く訴求する

【バナー構成】
・フォーマット:
  アスペクト比《例：21:9》、解像度《例：2K》

・背景:
  ベースカラーは《ブランドの基調色（例：深いグリーン）》
  《グラデーション or 単色》で塗り、
  《斜めの光／放射状の光／パターン》などの演出で動きをつける
  背景にはうっすら《サービスに関連するモチーフ（例：家／ビル／PC／人のシルエットなど）》のパターンを入れてもよい

・中央見出し（キャッチコピー）:
  画面中央付近に、太字の日本語見出しを1〜2行で配置する  
  1行目：「《キャッチコピー1行目（例：そのお悩み、◯◯が）》」  
  2行目：「《キャッチコピー2行目（例：まとめて引き受けます！）》」  
  色は《例：白＋明るいアクセントカラー》で、少し斜めにしたり大きくしてインパクトを出す

・サブコピー（説明文）:
  見出しのすぐ下に、小さめの日本語テキストを1〜2行で配置  
  「《サービスの説明を1文で：何をどこまでやってくれるのか簡潔に》」

・下部エリア（4つのポイント／悩み／メリット）:
  バナー下部に、角丸のボックスを《3〜4個》横並びで配置  
  各ボックス内に
  - アイコン：《アイコンのイメージ（例：お金／電話／書類／人の表情）》
  - キャプション：「《短い一文で悩み or メリットを書く》」
  を入れる  

  例：4つの場合  
  ① アイコン： 《例：お金＋！マーク》  
     キャプション：「《例：料金を払ったのに進まない》」  
  ② アイコン： 《例：壊れたフェンス／壊れたグラフ》  
     キャプション：「《例：途中で止まったまま》」  
  ③ アイコン： 《例：バツ印付き電話／チャット》  
     キャプション：「《例：担当者と連絡が取れない》」  
  ④ アイコン： 《例：不安そうな顔／悩んでいる人》  
     キャプション：「《例：他社に断られてしまった》」

【デザイン原則】
・トーン:
  《力強い／高級感／親しみやすい／ポップ》など、今回のブランドイメージに合わせたトーンにする

・タイポグラフィ:
  見出しは視認性の高い《太めゴシック／太め明朝》など、はっきり読める日本語フォントを使用  
  見出し ＞ サブコピー ＞ 下部ボックスの順で視線が流れるように大きさ・太さを調整する

・配色:
  ベースカラー：《ブランドの基調色》  
  アクセントカラー：《強調したい色（例：黄色／ティール／オレンジなど）》  
  テキストの可読性を最優先し、背景とのコントラストを十分に取る

・情報整理:
  1. 中央見出し：ユーザーの「悩み／願望」に直接応える言葉  
  2. サブコピー：具体的に何をしてくれるサービスか一文で補足  
  3. 下部ボックス：代表的な悩み or メリットを並べて「自分ごと」感を強める  
  という順番で自然に読み進められる構成にする

・テキスト言語:
  すべて日本語のみ使用し、英語は使わない
",指示書: 外構レスキュー21:9ヒーローバナー【役割】Webバナーデザイナー【目的】外構レスキューサービスの魅力と4つの代表的な悩みを一画面で強く訴求する【バナー構成】・フォーマット: アスペクト比21:9、2K解像度・背景: 中央から広がる深いグリーンの放射状グラデーション＋斜め方向のダイナミックな光のライン＋家のシルエットパターンを薄く敷き詰める・中央見出し: 画面中央に白＋明るい黄色の太字日本語見出しをやや斜めに2行配置「そのお悩み、外構レスキュー隊が」「まとめて引き受けます！」・サブコピー: 見出し直下に小さめの白文字で「途中で止まった外構工事の現状調査から、プラン再提案・工事の引き継ぎまでワンストップで対応。」を1行で配置・ボトムエリア: 下部に白い角丸長方形ボックスを4つ横並びに配置し、それぞれティール系アイコン＋黒字キャプション①お金＋！アイコン「着手金を払ったのに工事が進まない」②壊れたフェンスアイコン「外構が途中で止まったまま」③バツ印付き電話アイコン「業者と連絡が取れない」④不安そうな顔アイコン「他社に断られてしまった」【デザイン原則】・トーン: LP広告らしい力強いレスキュー感と即時性・タイポグラフィ: 視認性の高い太め日本語フォントでインパクト重視・配色: 深緑をベースに白／明るい黄色／ティールをアクセントとして使用・情報整理: 中央見出し＞サブコピー＞4つの悩みボックスの順で視線誘導・テキスト言語: すべて日本語のみとし、英語は使用しない,"# 指示書: 《AIエージェント導入》ヒーローバナー
【役割】Webバナーデザイナー
【目的】《AIエージェント導入》の魅力と、《日々の貧雑な作業を解消でき》を一画面で強く訴求する

【バナー構成】
・フォーマット:
  アスペクト比《例：21:9》、解像度《例：2K》

・背景:
  ベースカラーは《紺色》
  《グラデーション 》で塗り、
  《幾何学模様》などの演出で動きをつける
  背景にはうっすら《AIを想起させるロボットの画像》を入れてもよい

・中央見出し（キャッチコピー）:
  画面中央付近に、太字の日本語見出しを1〜2行で配置する  
  1行目：「《AI導入でお困りではありませんか？》」  
  2行目：「《AIが解決します！）》」  
  色は《白＋明るいアクセントカラー》で、少し斜めにしたり大きくしてインパクトを出す

・サブコピー（説明文）:
  見出しのすぐ下に、小さめの日本語テキストを1〜2行で配置  
  「《人が作業をする時代はもう終わりました》」

・下部エリア（4つのポイント／悩み／メリット）:
  バナー下部に、角丸のボックスを《4個》横並びで配置  
  各ボックス内に
  - アイコン：
  - キャプション：「《短い一文で悩み or メリットを書く》」
  を入れる  

  例：4つの場合  
  ① アイコン： 《例：メール》  
     キャプション：「《メールの返信を自動化》」  
  ② アイコン： 《例：電話》  
     キャプション：「《電話をAIが受け答え記録》」  
  ③ アイコン： 《例：ブログ》  
     キャプション：「《ブログやSNSを自動で投稿》」  
  ④ アイコン： 《例：不安そうな顔／悩んでいる人》  
     キャプション：「《AIが不安でも大丈夫》」

【デザイン原則】
・トーン:
  《力強い／高級感／親しみやすい／ポップ》など、今回のブランドイメージに合わせたトーンにする

・タイポグラフィ:
  見出しは視認性の高い《太めゴシック／太め明朝》など、はっきり読める日本語フォントを使用  
  見出し ＞ サブコピー ＞ 下部ボックスの順で視線が流れるように大きさ・太さを調整する

・配色:
  ベースカラー：《紺色》  
  アクセントカラー：《紫色》  
  テキストの可読性を最優先し、背景とのコントラストを十分に取る

・情報整理:
  1. 中央見出し：ユーザーの「悩み／願望」に直接応える言葉  
  2. サブコピー：具体的に何をしてくれるサービスか一文で補足  
  3. 下部ボックス：代表的な悩み or メリットを並べて「自分ごと」感を強める  
  という順番で自然に読み進められる構成にする

・テキスト言語:
  すべて日本語のみ使用し、英語は使わない",,,,,,,,,,,
,,,,https://x.com/jacalulu/status/1993077750991860110,,,,,,,,,,,,,
,,,,ホワイトボードに描いたような画像を生成して。言語は日本語。図、矢印、ボックス、そして主要なアイデアを視覚的に説明するキャプションを使用してください。色も使用してくださhttps://x.com/hAru_mAki_ch/status/1991820121623662706?ref_src=twsrc%5Etfw%7Ctwcamp%5Etweetembed%7Ctwterm%5E1991820121623662706%7Ctwgr%5Ec6e583de1b1b2880a0ab14f9652f9f6d5e8edf26%7Ctwcon%5Es1_&ref_url=https%3A%2F%2Fnote.com%2Fsunwood_ai_labs%2Fn%2Fn0693c015f58aい,,,,,,,,,,,,,
,,,,LINEのスタンプのように９パターン画像生成,,,,,,,,,,,,,
,,,,右斜め上から描いて,,,,,,,,,,,,,
,,,,お土産のキーホルダーにして,,,,,,,,,,,,,
,,,,SDガンダムのようなカーダスみたいにカード出して,,,,,,,,,,,,,
,,,,https://x.com/excel_niisan/status/1993163433106383000,,,,,,,,,,,,,
,,,,https://x.com/googlejapan/status/1993276460585701663,,,,,,,,,,,,,
,,,,https://x.com/googlejapan/status/1993107366972170251,,,,,,,,,,,,,
,,,,https://x.com/googlejapan/status/1991755967307084004,,,,,,,,,,,,,
,,,,https://x.com/googlejapan/status/1991522884351607188,,,,,,,,,,,,,
,,,,https://x.com/seiiiiiiiiiiru/status/1991630526558662964?s=20,,,,,,,,,,,,,
,,,,https://x.com/nobisiro_2023/status/1965249049445163155?s=20,,,,,,,,,,,,,
,,,,https://x.com/googlejapan/status/1965769937307496758?s=20,,,,,,,,,,,,,
,,,,https://x.com/akira_papa_IT/status/1992510827581366474?s=20,,,,,,,,,,,,,
,,,,https://x.com/konmari_tweet/status/1992008677449244879?s=20,,,,,,,,,,,,,
,,,,,,,,,,,,,,,,,
0,エンタメ/クリエイティブ,P: パッケージデザイナーT: 食品メーカー,SNS投稿画像生成,"アップロードした料理写真を参照し、料理そのものの形・色・質感は忠実に維持しながら、プロのフードフォトグラファーが撮影したような完成度の高い写真に再構成する。

【目的】
・料理の魅力を最大限に引き出したハイクオリティな“広告レベル”のフードフォトに加工
・アングル変更や構図最適化も行い、最も美味しそうに見える視点に再配置
・インスタ映えする洗練されたビジュアルに仕上げる

【アングル・構図】
・料理が最も映える角度を自動で再構築
　例：45度の斜めアングル、真上からのフラットレイ、テーブル奥行きのある構図など
・料理を主役にしたシンプルで高級感のある構図
・余白バランスを整え、視線が自然に料理へ導かれるレイアウト

【画像加工】
・自然光風の柔らかいライティングに調整（ハイライトは暖かく、シャドウは控えめ）
・ホワイトバランスと彩度を補正し、色のくすみを除去
・質感が立ち上がる高度なテクスチャ処理
・軽いシャープネスでシズル感（湯気・油の光沢・質感）を強調
・背景の不要物は完全に除去
・背景は上品でクラシックなボケ（浅い被写界深度）またはミニマル背景へ再構築
・高級レストランの広告写真に見えるレベルに調整

【仕上がりイメージ】
・ナチュラルで暖かい色調
・雑誌広告／高級レストラン公式写真のようなクオリティ
・“美味しさ” と “世界観” の両方が際立つインスタ映えスタイル
・過度な加工ではなく、リアルで品のあるプロの仕上げ",,https://x.com/SSSS_CRYPTOMAN/status/1994003853000495200?s=20,,,,,,,,,,,
0,エンタメ/クリエイティブ,,SNS投稿画像生成,"◆JOJO立ち(正面撮り)

Use the uploaded photo as the base.

Keep the person’s **face, hairstyle, makeup, outfit, and overall identity** clearly recognizable and photorealistic.  
Do NOT turn the whole image into a drawing or manga panel.  
Do NOT change the background setting or time of day.

TRANSFORM THE POSE (JOJO STYLE):
- Adjust the body into an exaggerated, dynamic “JoJo-style” pose:
  - twisted torso, strong contrapposto
- The pose should look dramatic and stylish but still anatomically believable.
- Preserve clothing design but allow natural deformation and creasing to match the new pose.
- Maintain realistic lighting and shading on the body and clothes.

ADD MANGA-STYLE SFX AROUND THE PERSON:
- Add bold Japanese sound effects in a JoJo manga style, drawn as clean black-and-white line art:
  - 「ゴゴゴゴゴ…」
  - 「ドドドドド…」
  - 「バァーーン！！」
  - 「ズキューーーン！」
- Place them around the character:
  - some floating behind the person
  - some partly overlapping the background near the shoulders or hands
  - do NOT cover the person’s face.
- SFX style:
  - thick inked outlines, no gradients
  - filled with solid black or left white inside
  - with slight perspective distortion so they feel integrated into the scene.

OPTIONAL MANGA LINES:
- Add a few subtle speed lines or impact lines behind the person to emphasize motion and power,
  but keep the original background still visible.
- Use only black line work for these, no large solid fills.

OVERALL GOAL:
Create a photorealistic image where the original person is still clearly themselves,
but their body has been adjusted into a bold JoJo-style dynamic pose, surrounded by Japanese
manga sound effects and subtle speed lines, giving the feeling of a powerful manga splash page
inside a real photograph.",,https://x.com/AI_GIRL_DESIGN/status/1994374110408057222?s=20,,,,,,,,,,,
,,,,,,,,,,,,,,,,,
0,自己満足,自分もしくは友人,・表情が硬いといわれる人・TPOにあった表情がしたい・本当の自分の笑顔を見たい人・履歴書に貼る写真を好感度のあるものにしたい・コスプレがしたいが勇気がない・難易度の高い表情ができない人※事前準備として、右記に従い５枚の写真を撮影してください。,,"５枚の写真を貼付し、下記のプロンプトをコピペしてください。
【① 3D分析プロンプト】

# [ROLE & TASK DEFINITION]
You are now acting as an advanced ""3D Modeling & Forensic Reconstruction AI Specialist"". Your SOLE task is to accurately analyze the integrated skeletal structure from the 5 provided reference photos and reconstruct the subject's true appearance as 3D data without ANY beautification or modification.

# [GENERATION ORDER & PROCESSING LOGIC]
(Masterpiece, photorealistic portrait), extremely tight head shot of a specific middle-aged Japanese man based solely on the integrated features from the 5 reference images provided.

# [IMPORTANT Priority & Logic]
# 1. PRIORITY (絶対優先事項):
# The bone structure, facial geometry, and specific features derived from the 5 reference images are the absolute priority. Do not use generic facial data to fill in gaps. The output must be a faithful reconstruction of this specific individual.
# 2. 3D INTEGRATION (3D結合処理):
# Mentally combine the 5 angles to construct a single, unified 3D head model.

# [SPECIFIC FEATURES & MUSCLE HABIT]
# - Subject: Japanese male, late 40s to 50s.
# - MUSCLE HABIT (Neutral State - LOCKED):
#   - Expression: Absolutely Neutral. No smiling, no frowning, no tension.
#   - Eyes: Eyelids are heavy and partially cover the eyes, creating a sharp, calm gaze.
#   - Mouth: Lips are closed firmly in a straight line.

# [ENVIRONMENT & NOISE REDUCTION]
# - Lighting: Soft, even, natural studio lighting.
# - Framing: Extremely tight portrait from the base of the neck up. Clothing must be completely excluded.","【② 表情生成プロンプト（魔法の鏡）】

★表情入力欄（ここだけ書き換えてください）★
「ここに表情を日本語で入力」
(以下はAIへの処理命令です。このまま送信してください)

[AIへの絶対指令：役割とタスク]
あなたは高度な「3D生体構造維持・表情筋制御AI専門官」である。 あなたの任務は、直前のステップで確立された「ベース人物の3D構造」を絶対に崩さず、上記「★表情入力欄★」に入力された日本語の感情を、リアルな筋肉の動きとして適用することである。

[重要：リミッターと安全装置]
激しい感情が入力された場合でも、ベース顔の骨格崩壊を防ぐため、以下のリミッターを絶対に厳守せよ。

可動域制限: 顎の関節が外れるような極端な開口や、顔の輪郭自体が歪むような筋肉の動きは物理的に不可能として禁止する。

表現の上限値: 感情強度は最大でも「解剖学的に可能な範囲の限界（Level 9/10）」で留め、骨格を破壊するLevel 10には決して到達させないこと。限界に達した場合は、その範囲内で最大の表現を行うこと。

[処理ロジック]
ベースの完全ロック: 直前の画像で定義された骨格、顔のパーツ配置、本人性は絶対に維持し、一切の改変・美化を禁止する。

表情の適用: 入力された感情を、上記リミッターの範囲内で、最大限の解剖学的な筋肉の動きとして適用せよ。

環境の維持: ライティングは柔らかいスタジオ照明。フレーミングは首の付け根から上の極めてタイトなヘッドショット。

ノイズ除去: 衣服、襟、シャツなどはフレーム内から完全に排除・除外し、一切描写してはならない。

[最終出力プロンプトの生成（内部処理）]
(Masterpiece, photorealistic portrait), extremely tight head shot of the established middle-aged Japanese man base structure. The facial anatomy is locked within safe limits. The expression is [リミッター範囲内で翻訳された筋肉の動きをここに適用]. No clothing is visible.

AIがあなたの顔を崩さず、指定した表情の画像を生成してくれます！","💡 うまくいかないときは？
別人が生成される: ステップ1の写真の品質（光、角度、真顔かどうか）を見直してみてください。写真がバラバラだとAIが混乱します。

顔が崩れる: ステップ2で入力した表情が激しすぎる可能性があります。「少し抑えめの笑顔」のように調整してみてください。（リミッターは付いていますが、限界はあります）

AIが記憶を失った: チャットが長くなると、AIがステップ1の記憶を忘れることがあります。その場合は、もう一度ステップ1からやり直してください。",,,,,,,,,,
,,,,"カテゴリ,キー,値
品質/スタイル,Quality Keywords,""MASTERPIECE, PHOTOREALISTIC, BEST QUALITY, HIGHLY DETAILED, 8K, high contrast""
被写体,Subject,""A captivating medium close-up of a beautiful young, tan-skinned woman, eating a slice of ripe watermelon. Direct gaze, engaging, subtle sultry expression.""
描写/服装,Description,""Minimal black string bikini, light blue scrunchie securing messy blonde bun, defined cheekbones, full lips.""
ライティング/技術,Photography/Lighting,""Sharp natural daylight, soft subtle rim lighting effect, shallow depth of field (blurred background), Eye-level shot. Aspect Ratio 4:5.""
背景/情景,Background,""Rustic Mediterranean stone table, blue ocean, cloudy sky, stone patio architecture.""
ネガティブプロンプト,Negative Prompt,""ugly, low-resolution, blurry, deformed, worst quality, extra limbs, bad anatomy, malformed hands, missing fingers, watermarks, logos, signature, grainy, out of focus, duplicate, text, poorly drawn.""","MASTERPIECE, PHOTOREALISTIC, BEST QUALITY, HIGHLY DETAILED. A captivating medium close-up of a beautiful young, tan-skinned woman sitting at a rustic Mediterranean stone table, enjoying a slice of ripe watermelon. She is looking directly at the camera with an engaging, subtle sultry expression. She wears a minimal black string bikini and a light blue scrunchie securing her messy blonde bun. The scene is drenched in sharp, natural daylight with a soft, subtle rim lighting effect, highlighting her defined cheekbones and full lips. The background features a blurred (shallow depth of field) view of the blue ocean and a cloudy sky, framed by the stone patio architecture. Aspect Ratio 4:5.
Negative Prompt: ugly, low-resolution, blurry, deformed, worst quality, extra limbs, bad anatomy, malformed hands, missing fingers, watermarks, logos, signature, grainy, out of focus, duplicate, text, poorly drawn.","カテゴリ,キー,値
品質/スタイル,品質強調キーワード,最高傑作、超リアルな写真、最高品質、高精細、8K、ハイコントラスト
被写体,人物描写,小麦色の肌の美しい若い女性の魅惑的なメディアム・クローズアップ。熟したスイカを食べている。カメラ目線で、魅惑的でわずかに色っぽい表情。
描写/服装,細部,ミニマルな黒のストリングビキニ、薄い青のシュシュ、ルーズなブロンドのお団子ヘア、シャープな頬骨、豊かな唇。
ライティング/技術,撮影技法,シャープな自然光、柔らかく繊細なリムライティング（輪郭光）、浅い被写界深度（背景ボケ）。目線の高さからの撮影。アスペクト比 4:5。
背景/情景,環境描写,素朴な地中海風の石造りテーブル、青い海、曇り空、石造りのテラス建築。
ネガティブプロンプト,生成してはいけない要素,醜い、低解像度、ぼやけ、変形、最低品質、余分な手足、悪い体の構造、奇形の手、指の欠損、透かし、ロゴ、署名、粒状、ピンボケ、重複、文字、拙い描写。",,,,,,,,,,,
,,,,"# 役割設定
あなたは男性ファッション・ライフスタイル誌のアートディレクターです。「洗練」「知的」「ミニマルラグジュアリー」をキーワードに、大人の男性に響くエディトリアルデザインを作成してください。

# 出力形式
・フォーマット：横長（16:9 または 3:2）、高解像度
・用途：SNS投稿、ブログアイキャッチ、プレゼン資料、広告素材

# デザインコンセプト
ターゲット：30〜45歳の成功志向を持つ男性
トーン：洗練、ミニマル、知的、本物志向、静かな自信
参考イメージ：LEON、GQ、Pen、MEN'S EX、BRUTUS

# レイアウト構成
1. メインエリア：被写体（人物または製品）の切り抜き写真。堂々とした存在感を強調
2. グリッドライン：画面を分割する細い直線を効果的に配置
3. ナンバリング：「01」「02」「03」など、モダンな番号表記でポイントを整理
4. タイポグラフィエリア：大きな見出しをグラフィック要素として配置
5. 四隅：トンボ（トリムマーク）風のL字ラインで紙面らしさを演出

# カラーパレット
・背景：ダークネイビー (#1a1f3d) / チャコールグレー (#2d2d2d) / マットブラック (#0a0a0a)
・文字：ホワイト (#FFFFFF) / オフホワイト (#F5F5F5)
・アクセント：ゴールド (#C9A962) / シルバー (#A8A9AD) / ディープレッド (#8B0000)

# タイポグラフィ
・見出し：力強いサンセリフ体（Helvetica風 / Futura風）、大きく配置
・サブ見出し：細めのサンセリフ、スペーシング広め
・本文：クリーンで読みやすいサンセリフ
・ナンバリング：極細または極太のコントラストを効かせたフォント

# 装飾要素
・シャープな直線（水平・垂直）
・ミニマルなグリッドライン
・控えめなグラデーション（暗→さらに暗）
・金属的な質感のアクセント（控えめに）

# 禁止事項
× ポップな原色、ビビッドカラー
× 丸みを帯びた可愛い装飾
× 手書き風フォント（メインでの使用）
× ごちゃごちゃした詰め込みレイアウト
× チープに見えるグラデーション",,,,,,,,,,,,,
,,,,"サンタさん

ーーーー

パステルカラー、ピンクとライトブルー、柔らかく優しい印象、
pastel color palette, soft pink and light blue, gentle atmosphere
",,,,,,,,,,,,,
,,,,"サンタさん

ーーーー
モノトーン、白黒とグレーのグラデーション、洗練された印象、
monochrome, black white and gray, sophisticated look",,,,,,,,,,,,,
,,,,"イベントタイトル
【2025年最新版】ビジネスを変革する「生成AI」活用最前線
～ 導入から定着まで、失敗しないDX戦略と実践事例 ～
概要
「AIの話題は聞くけれど、自社でどう活用すればいいかわからない」「ChatGPTを導入したが、業務効率化につながっていない」という悩みをお持ちではありませんか？
本セミナーでは、最新の生成AIトレンドを解説するとともに、具体的な業務への落とし込み方、リスク管理、そして実際に成果を上げている企業の成功事例を徹底解剖します。明日から使えるプロンプトエンジニアリングの基礎もお伝えします。
開催概要
	• 日時: 2025年X月X日（木） 14:00 ～ 16:30（受付開始 13:30）
	• 会場: ○○カンファレンスセンター 5F ホールA（オンライン同時配信あり）
	• 定員: 会場 100名 / オンライン 500名
	• 参加費: 無料（事前登録制）
	• 主催: 株式会社○○ソリューションズ
タイムテーブル
時間	内容	登壇者
14:00	オープニング：生成AIがもたらすビジネスの地殻変動	株式会社○○ 代表取締役社長 山田 太郎
14:30	【基調講演】事例で学ぶ、中小企業が勝つためのAI戦略	AIコンサルタント 佐藤 花子 氏
15:30	今日から使える！業務効率化プロンプト実践講座	当社シニアエンジニア 鈴木 一郎
16:15	質疑応答・クロージング	
こんな方におすすめ
	• 企業のDX推進担当者、経営企画室の方
	• 業務効率化を目指す管理職の方
社内へのAI導入に課題を感じている方",,,,,,,,,,,,,
,,,,コンクリートの壁、チョークと鉛筆のストーリー性ある落書きアート、可愛いコーギー、初めは怖い表情、徐々に口角が上がった凄い笑顔の表情に変わる、手書き日本語なし、ラフな子供の落書き風、一部消えてこすれている、左から右への物語構図、夜の静かな路地、グラフィティと黒板アートの中間。あなたが求めているのは、コンクリートの壁に描かれた可愛いコーギーを主体とするストーリー性豊かな落書きアートですね。このアートは夜の静かな路地を背景に、チョークと鉛筆を使って描かれ、最初は怖い顔から優しい表情に変わる物語を描きます。日本語の手書き文字は含まれず、視覚的なストーリーテリングが重視されています。雰囲気としては、苦しみと切なさが同居するものになり、グラフィティと黒板アートの間のスタイルで、ラフで一部が消えかけた表現が求められています。,,,,,,,,,,,,,
,Google拡張機能（LLM）作成,,https://x.com/LxGtUGtlRSh8yXW/status/2000108718596444280,"あなたは世界最高峰のChrome拡張機能開発のエキスパートであり、モダンなUI/UXデザインとアニメーション実装のスペシャリストです。
以下の詳細な仕様書に基づき、Chrome拡張機能「My AI Launcher」を開発してください。
最終的な成果物は、**ユーザーがすぐにインストールできる形のZIPファイルを生成するPythonスクリプト**として出力してください。

### プロジェクト概要
**My AI Launcher**
Gemini, Claude, ChatGPT, DeepL, Grokなどの主要なAIサービスへ素早くアクセスできる、サイドパネル常駐型のランチャー拡張機能です。
iFrame技術と高度なヘッダー操作により、通常は埋め込み不可能なサイトもサイドパネル内で直接操作可能です。
また、GSAPを用いたリッチなインタラクション（マウス追従、クリックエフェクト、3Dチルト）を特徴とします。

### 技術スタックと要件
1.  **Manifest V3**: 最新のセキュリティ基準に準拠。
2.  **API**: `sidePanel`, `declarativeNetRequest`, `scripting` (or `content_scripts`).
3.  **UI**: HTML5, CSS3 (Variables, Flexbox/Grid), JavaScript (ES6+).
4.  **ライブラリ**: GSAP (GreenSock Animation Platform) - CDNまたはローカル読み込み。

### ファイル構成と詳細仕様

作成するPythonスクリプトは、以下のファイルを含む `my-ai-launcher` ディレクトリを作成し、最後にそれをZIP圧縮する必要があります。

#### 1. `manifest.json`
- **version**: 3
- **permissions**: `sidePanel`, `declarativeNetRequest`
- **host_permissions**: `<all_urls>` (iFrame表示用)
- **side_panel**: `default_path`: ""popup.html""
- **declarative_net_request**: `rules.json` を参照。
- **content_scripts**: `matches`: `*://*.deepl.com/*`, `css`: [""content.css""] (DeepLのクッキーバナー非表示用)

#### 2. `rules.json` (セキュリティヘッダー解除)
以下のレスポンスヘッダーを削除するルール(ID: 1)を定義してください。これによりiFrame制限を回避します。
- `x-frame-options`
- `frame-options`
- `content-security-policy`
- `content-security-policy-report-only`
- `x-webkit-csp`
- `cross-origin-opener-policy`
- `cross-origin-resource-policy`
など、埋め込みを阻害する主要なヘッダーすべて。
- **urlFilter**: `""*""` (すべてのサイトで適用)
- **resourceTypes**: `[""sub_frame"", ""main_frame""]`

#### 3. `popup.html` (メインUI)
- **Google Fonts**: ""M PLUS Rounded 1c"" を使用して親しみやすいデザインに。
- **構成**:
    - **#navbar**: 上部タブバー。タブ追加ボタン(+)と、開いているタブの切り替えボタン。
    - **#toolbar**: タイトル表示、リロードボタン、外部ボタン(Popout)。
    - **#zoom-bar**: スライダー(0.3〜3.0)でiFrameのズーム倍率を調整する機能。
    - **#content-area**: iFrameが表示される場所。
    - **#launcher-template**: 新規タブを開いたときに表示される初期画面。
        - Gemini, Claude, ChatGPT, DeepL, Grok のボタン（グリッドレイアウト）。
        - 各ボタンはSVGアイコンをインラインで持ち、外部画像依存をなくすこと。
        - URL入力欄（カスタムURL用）。
- **アニメーション用要素**: 背景に動く雲のSVG、マウスストーカー用の要素。

#### 4. `popup.js` (ロジック)
- **タブ管理**: 複数のタブ（オブジェクト配列）を管理し、HTML要素の生成・削除・切り替えを行う。
- **iFrame読み込み**: ランチャーボタンクリック時に、対象のURLをiFrameの `src` に設定し、`#content-area` に表示。
- **ズーム機能**: `iframe.style.zoom` プロパティをスライダーの値と同期させる。
- **GSAPアニメーション**:
    - **雲のアニメーション**: 背景の雲がゆっくり流れる。
    - **マウスストーカー**: 紙飛行機などのSVGがマウスに遅れて追従。
    - **ボタンホバー**: マウス位置に応じてボタンが3D的に傾く（Tilt Effect）＆ プルンと弾むアニメーション。
    - **クリックスパーク**: クリックした場所にパーティクルが弾けるエフェクト。

#### 5. `content.css`
- DeepLなどのサイトで邪魔になるCookieバナーやポップアップを `display: none !important` で非表示にする設定。

### 出力形式の指示 (重要)

回答の最後には、**上記のすべてのファイルを自動生成し、`my-ai-launcher.zip` という名前でZIP圧縮して保存するPythonスクリプト** (`build_extension.py`) を作成してください。
ユーザーはこのPythonスクリプトを実行するだけで、完成した拡張機能を手に入れたいです。

Pythonスクリプトには以下の機能を含めてください：
1. `os.makedirs` でディレクトリ作成。
2. 各ファイルの内容を文字列として定義し、ファイルに書き込む。
3. `shutil.make_archive` または `zipfile` モジュールを使ってディレクトリをZIP化する。

さあ、最高傑作のコードをお願いします。
",,,,,,,,,,,,,